-- phpMyAdmin SQL Dump
-- version 4.4.14
-- http://www.phpmyadmin.net
--
-- Servidor: 127.0.0.1
-- Tiempo de generación: 08-11-2016 a las 00:14:13
-- Versión del servidor: 5.6.26
-- Versión de PHP: 5.6.12

SET SQL_MODE = "NO_AUTO_VALUE_ON_ZERO";
SET time_zone = "+00:00";


/*!40101 SET @OLD_CHARACTER_SET_CLIENT=@@CHARACTER_SET_CLIENT */;
/*!40101 SET @OLD_CHARACTER_SET_RESULTS=@@CHARACTER_SET_RESULTS */;
/*!40101 SET @OLD_COLLATION_CONNECTION=@@COLLATION_CONNECTION */;
/*!40101 SET NAMES utf8mb4 */;

--
-- Base de datos: `club`
--

-- --------------------------------------------------------

--
-- Estructura de tabla para la tabla `asistencia`
--

CREATE TABLE IF NOT EXISTS `asistencia` (
  `id` int(11) NOT NULL,
  `id_socio` int(11) NOT NULL,
  `fecha_hora` date NOT NULL
) ENGINE=InnoDB DEFAULT CHARSET=latin1;

-- --------------------------------------------------------

--
-- Estructura de tabla para la tabla `categoria_social`
--

CREATE TABLE IF NOT EXISTS `categoria_social` (
  `id` int(11) NOT NULL,
  `descripcion` varchar(30) NOT NULL
) ENGINE=InnoDB AUTO_INCREMENT=4 DEFAULT CHARSET=latin1;

--
-- Volcado de datos para la tabla `categoria_social`
--

INSERT INTO `categoria_social` (`id`, `descripcion`) VALUES
(1, 'Cadete'),
(2, 'Mayor'),
(3, 'Damas');

-- --------------------------------------------------------

--
-- Estructura de tabla para la tabla `ciudad`
--

CREATE TABLE IF NOT EXISTS `ciudad` (
  `id` int(11) NOT NULL,
  `descripcion` varchar(40) NOT NULL
) ENGINE=InnoDB AUTO_INCREMENT=6 DEFAULT CHARSET=latin1;

--
-- Volcado de datos para la tabla `ciudad`
--

INSERT INTO `ciudad` (`id`, `descripcion`) VALUES
(1, 'Parana'),
(2, 'San Benito'),
(3, 'Colonia Avellaneda'),
(4, 'Oro Verde'),
(5, 'Diamante');

-- --------------------------------------------------------

--
-- Estructura de tabla para la tabla `cobrador`
--

CREATE TABLE IF NOT EXISTS `cobrador` (
  `id` int(11) NOT NULL,
  `descripcion` varchar(40) NOT NULL,
  `comision` decimal(15,2) NOT NULL
) ENGINE=InnoDB AUTO_INCREMENT=4 DEFAULT CHARSET=latin1;

--
-- Volcado de datos para la tabla `cobrador`
--

INSERT INTO `cobrador` (`id`, `descripcion`, `comision`) VALUES
(1, 'Administracion Central', '10.00'),
(2, 'Juan Bupo', '10.00'),
(3, 'Karina Fontana', '100.00');

-- --------------------------------------------------------

--
-- Estructura de tabla para la tabla `cuenta`
--

CREATE TABLE IF NOT EXISTS `cuenta` (
  `id` int(11) NOT NULL,
  `codigo` char(10) NOT NULL,
  `concepto` varchar(60) NOT NULL,
  `tipo_cuenta` int(11) DEFAULT NULL
) ENGINE=InnoDB AUTO_INCREMENT=5 DEFAULT CHARSET=latin1;

--
-- Volcado de datos para la tabla `cuenta`
--

INSERT INTO `cuenta` (`id`, `codigo`, `concepto`, `tipo_cuenta`) VALUES
(1, '1', 'Activo', NULL),
(2, '2', 'Pasivo', NULL),
(3, '3', 'Patrimonio', NULL),
(4, '4', 'Resultado', NULL);

-- --------------------------------------------------------

--
-- Estructura de tabla para la tabla `debito`
--

CREATE TABLE IF NOT EXISTS `debito` (
  `id` int(11) NOT NULL,
  `concepto` varchar(60) NOT NULL,
  `importe` decimal(15,2) NOT NULL,
  `subcuenta_id` int(11) NOT NULL
) ENGINE=InnoDB AUTO_INCREMENT=22 DEFAULT CHARSET=latin1;

--
-- Volcado de datos para la tabla `debito`
--

INSERT INTO `debito` (`id`, `concepto`, `importe`, `subcuenta_id`) VALUES
(19, 'Cuota Activo', '10.00', 38),
(20, 'CD Voley', '100.00', 42),
(21, 'CD Futbol', '150.00', 41);

-- --------------------------------------------------------

--
-- Estructura de tabla para la tabla `estado_cuenta`
--

CREATE TABLE IF NOT EXISTS `estado_cuenta` (
  `id` int(11) NOT NULL,
  `fecha_vencimiento` date DEFAULT NULL,
  `periodo_mes` int(11) NOT NULL,
  `periodo_anio` int(11) NOT NULL,
  `socio_id` int(11) NOT NULL,
  `fecha_pago` date DEFAULT NULL,
  `importe_apagar` decimal(15,2) NOT NULL,
  `importe_pagado` decimal(15,2) DEFAULT NULL,
  `subcuenta_id` int(11) NOT NULL,
  `nro_recibo` int(11) DEFAULT NULL
) ENGINE=InnoDB DEFAULT CHARSET=latin1;

-- --------------------------------------------------------

--
-- Estructura de tabla para la tabla `movimiento`
--

CREATE TABLE IF NOT EXISTS `movimiento` (
  `id` int(11) NOT NULL,
  `nro_recibo` int(11) DEFAULT NULL,
  `fecha_pago` date DEFAULT NULL,
  `fk_prov` int(11) DEFAULT NULL,
  `fk_cliente` int(11) DEFAULT NULL,
  `obs` varchar(150) DEFAULT NULL
) ENGINE=InnoDB AUTO_INCREMENT=6 DEFAULT CHARSET=latin1;

--
-- Volcado de datos para la tabla `movimiento`
--

INSERT INTO `movimiento` (`id`, `nro_recibo`, `fecha_pago`, `fk_prov`, `fk_cliente`, `obs`) VALUES
(3, 1, '2016-11-07', NULL, 1, NULL),
(4, 2, '2016-11-07', NULL, 2, NULL),
(5, 10, '2016-11-07', 1, NULL, NULL);

-- --------------------------------------------------------

--
-- Estructura de tabla para la tabla `movimiento_detalle`
--

CREATE TABLE IF NOT EXISTS `movimiento_detalle` (
  `id` int(11) NOT NULL,
  `tipo` char(1) NOT NULL,
  `movimiento_id` int(11) NOT NULL,
  `subcuenta_id` int(11) NOT NULL,
  `subcuenta_id_fp` int(11) DEFAULT NULL COMMENT 'forma de pago (efectivo cheque) id de la subcuenta',
  `importe` varchar(15) DEFAULT NULL,
  `periodo_mes` int(11) DEFAULT NULL,
  `periodo_anio` int(11) DEFAULT NULL
) ENGINE=InnoDB AUTO_INCREMENT=10 DEFAULT CHARSET=latin1;

--
-- Volcado de datos para la tabla `movimiento_detalle`
--

INSERT INTO `movimiento_detalle` (`id`, `tipo`, `movimiento_id`, `subcuenta_id`, `subcuenta_id_fp`, `importe`, `periodo_mes`, `periodo_anio`) VALUES
(1, 'i', 1, 36, 4, '90', 2, 2016),
(2, 'i', 2, 38, 4, '10.00', 4, 2016),
(3, 'i', 2, 42, 4, '100.00', 4, 2016),
(4, 'i', 3, 38, 4, '10.00', 2, 2016),
(5, 'i', 3, 42, 4, '100.00', 2, 2016),
(6, 'i', 4, 38, 4, '10.00', 1, 2016),
(7, 'i', 4, 42, 4, '100.00', 1, 2016),
(8, 'e', 5, 39, 4, '4545', NULL, 2016),
(9, 'e', 5, 0, 4, '150', NULL, 2016);

-- --------------------------------------------------------

--
-- Estructura de tabla para la tabla `operacion`
--

CREATE TABLE IF NOT EXISTS `operacion` (
  `id` int(11) NOT NULL,
  `nombre` varchar(64) COLLATE utf8_unicode_ci NOT NULL
) ENGINE=InnoDB AUTO_INCREMENT=11 DEFAULT CHARSET=utf8 COLLATE=utf8_unicode_ci;

--
-- Volcado de datos para la tabla `operacion`
--

INSERT INTO `operacion` (`id`, `nombre`) VALUES
(1, 'site-about'),
(2, 'movimiento-view'),
(3, 'movimiento-create'),
(4, 'movimiento-index'),
(5, 'movimiento-update'),
(6, 'movimiento-delete'),
(7, 'socio-index'),
(8, 'socio-create'),
(9, 'socio-update'),
(10, 'socio-delete');

-- --------------------------------------------------------

--
-- Estructura de tabla para la tabla `proveedor`
--

CREATE TABLE IF NOT EXISTS `proveedor` (
  `id` int(11) NOT NULL,
  `nombre` varchar(80) NOT NULL,
  `cuit` varchar(15) NOT NULL,
  `cond_iva` varchar(20) NOT NULL,
  `direccion` varchar(80) NOT NULL,
  `telefono` varchar(15) DEFAULT NULL,
  `email` varchar(40) DEFAULT NULL,
  `rubro` varchar(80) DEFAULT NULL
) ENGINE=InnoDB AUTO_INCREMENT=3 DEFAULT CHARSET=latin1;

--
-- Volcado de datos para la tabla `proveedor`
--

INSERT INTO `proveedor` (`id`, `nombre`, `cuit`, `cond_iva`, `direccion`, `telefono`, `email`, `rubro`) VALUES
(1, 'Enersa', '30-12345678-0', '1', 'lala', '43488788', '', 'energia'),
(2, 'Arnet', '33-54878787-9', '1', 'Ni idea', '43488788', 'lala@jojo.com', 'Internet');

-- --------------------------------------------------------

--
-- Estructura de tabla para la tabla `provincia`
--

CREATE TABLE IF NOT EXISTS `provincia` (
  `id` int(11) NOT NULL,
  `descripcion` varchar(30) NOT NULL
) ENGINE=InnoDB AUTO_INCREMENT=3 DEFAULT CHARSET=latin1;

--
-- Volcado de datos para la tabla `provincia`
--

INSERT INTO `provincia` (`id`, `descripcion`) VALUES
(1, 'Entre Rios'),
(2, 'Santa Fe');

-- --------------------------------------------------------

--
-- Estructura de tabla para la tabla `recibo`
--

CREATE TABLE IF NOT EXISTS `recibo` (
  `id` int(11) NOT NULL,
  `i` int(11) DEFAULT NULL,
  `e` int(11) DEFAULT NULL
) ENGINE=InnoDB AUTO_INCREMENT=2 DEFAULT CHARSET=latin1;

--
-- Volcado de datos para la tabla `recibo`
--

INSERT INTO `recibo` (`id`, `i`, `e`) VALUES
(1, 2, 10);

-- --------------------------------------------------------

--
-- Estructura de tabla para la tabla `rol`
--

CREATE TABLE IF NOT EXISTS `rol` (
  `id` int(11) NOT NULL,
  `nombre` varchar(32) COLLATE utf8_unicode_ci NOT NULL
) ENGINE=InnoDB AUTO_INCREMENT=3 DEFAULT CHARSET=utf8 COLLATE=utf8_unicode_ci;

--
-- Volcado de datos para la tabla `rol`
--

INSERT INTO `rol` (`id`, `nombre`) VALUES
(1, 'Administrador'),
(2, 'Usuario Limitado');

-- --------------------------------------------------------

--
-- Estructura de tabla para la tabla `rol_operacion`
--

CREATE TABLE IF NOT EXISTS `rol_operacion` (
  `rol_id` int(11) NOT NULL,
  `operacion_id` int(11) NOT NULL
) ENGINE=InnoDB DEFAULT CHARSET=utf8 COLLATE=utf8_unicode_ci;

--
-- Volcado de datos para la tabla `rol_operacion`
--

INSERT INTO `rol_operacion` (`rol_id`, `operacion_id`) VALUES
(2, 1),
(2, 2),
(2, 3);

-- --------------------------------------------------------

--
-- Estructura de tabla para la tabla `socio`
--

CREATE TABLE IF NOT EXISTS `socio` (
  `id` int(11) NOT NULL,
  `matricula` int(11) DEFAULT NULL,
  `apellido_nombre` varchar(80) NOT NULL,
  `cp` char(15) DEFAULT NULL,
  `direccion` varchar(80) NOT NULL,
  `dni` int(11) NOT NULL,
  `email` varchar(30) DEFAULT NULL,
  `fecha_alta` date NOT NULL,
  `fecha_baja` date DEFAULT NULL,
  `obs` varchar(150) DEFAULT NULL,
  `fecha_nacimiento` date NOT NULL,
  `nombre_foto` varchar(25) DEFAULT NULL,
  `id_categoria_social` int(11) DEFAULT NULL,
  `id_ciudad` int(11) DEFAULT '2',
  `id_cobrador` int(11) DEFAULT NULL,
  `id_provincia` int(11) DEFAULT '1',
  `sexo` char(1) DEFAULT NULL,
  `telefono` varchar(15) DEFAULT NULL,
  `telefono2` varchar(15) DEFAULT NULL,
  `grupo_sanguineo` varchar(10) DEFAULT NULL,
  `antecedentes_medicos` varchar(150) DEFAULT NULL,
  `sanciones` varchar(150) DEFAULT NULL,
  `tutor_nombre` varchar(70) DEFAULT NULL,
  `tutor_dni` int(11) DEFAULT NULL,
  `tutor_fn` varchar(12) DEFAULT NULL,
  `tutor_tel` varchar(20) DEFAULT NULL
) ENGINE=InnoDB AUTO_INCREMENT=328 DEFAULT CHARSET=latin1;

--
-- Volcado de datos para la tabla `socio`
--

INSERT INTO `socio` (`id`, `matricula`, `apellido_nombre`, `cp`, `direccion`, `dni`, `email`, `fecha_alta`, `fecha_baja`, `obs`, `fecha_nacimiento`, `nombre_foto`, `id_categoria_social`, `id_ciudad`, `id_cobrador`, `id_provincia`, `sexo`, `telefono`, `telefono2`, `grupo_sanguineo`, `antecedentes_medicos`, `sanciones`, `tutor_nombre`, `tutor_dni`, `tutor_fn`, `tutor_tel`) VALUES
(1, 1, 'MIGUELES MARIO ALEJANDRO', '3100', 'Chubut', 0, 'gabrieljcejas@hotmail.com', '2016-11-01', NULL, '', '2016-11-07', NULL, 1, 1, 1, 1, 'm', '93434508038', '+5493434508038', 'a+', '', '', '', NULL, '', ''),
(2, 2, 'PALACIOS RUBEN ERNESTO', '', 'qasdasd', 0, '', '1970-01-01', NULL, '', '2016-11-07', NULL, 2, 2, 1, 1, '', '', '', '', '', '', '', NULL, '', ''),
(3, 3, 'SATTLER MIGUEL', NULL, '', 0, NULL, '0000-00-00', NULL, NULL, '0000-00-00', NULL, NULL, 2, NULL, 1, 'M', NULL, NULL, NULL, NULL, NULL, NULL, NULL, NULL, NULL),
(4, 4, 'GRINOVERO LUIS', NULL, '', 0, NULL, '0000-00-00', NULL, NULL, '0000-00-00', NULL, NULL, 2, NULL, 1, 'M', NULL, NULL, NULL, NULL, NULL, NULL, NULL, NULL, NULL),
(5, 5, 'CAVALLO ALBERTO', NULL, '', 0, NULL, '0000-00-00', NULL, NULL, '0000-00-00', NULL, NULL, 2, NULL, 1, 'M', NULL, NULL, NULL, NULL, NULL, NULL, NULL, NULL, NULL),
(6, 6, 'PROSS CARLOS', NULL, '', 0, NULL, '0000-00-00', NULL, NULL, '0000-00-00', NULL, NULL, 2, NULL, 1, 'M', NULL, NULL, NULL, NULL, NULL, NULL, NULL, NULL, NULL),
(7, 7, 'LODOLO HUGO', NULL, '', 0, NULL, '0000-00-00', NULL, NULL, '0000-00-00', NULL, NULL, 2, NULL, 1, 'M', NULL, NULL, NULL, NULL, NULL, NULL, NULL, NULL, NULL),
(8, 8, 'ZAMPIERI ALBA LUZ', NULL, '', 0, NULL, '0000-00-00', NULL, NULL, '0000-00-00', NULL, NULL, 2, NULL, 1, 'F', NULL, NULL, NULL, NULL, NULL, NULL, NULL, NULL, NULL),
(9, 9, 'RAMIREZ NESTOR FABIAN', NULL, '', 0, NULL, '0000-00-00', NULL, NULL, '0000-00-00', NULL, NULL, 2, NULL, 1, 'M', NULL, NULL, NULL, NULL, NULL, NULL, NULL, NULL, NULL),
(10, 10, 'LEGUIZAMON LUIS MARÍA', NULL, '', 0, NULL, '0000-00-00', NULL, NULL, '0000-00-00', NULL, NULL, 2, NULL, 1, 'M', NULL, NULL, NULL, NULL, NULL, NULL, NULL, NULL, NULL),
(11, 11, 'NETO RAMÓN', NULL, '', 0, NULL, '0000-00-00', NULL, NULL, '0000-00-00', NULL, NULL, 2, NULL, 1, 'M', NULL, NULL, NULL, NULL, NULL, NULL, NULL, NULL, NULL),
(12, 12, 'SOSA HORACIO BENJAMIN', NULL, '', 0, NULL, '0000-00-00', NULL, NULL, '0000-00-00', NULL, NULL, 2, NULL, 1, 'M', NULL, NULL, NULL, NULL, NULL, NULL, NULL, NULL, NULL),
(13, 13, 'CASCO ANDRÉS DOMINGO', NULL, '', 0, NULL, '0000-00-00', NULL, NULL, '0000-00-00', NULL, NULL, 2, NULL, 1, 'M', NULL, NULL, NULL, NULL, NULL, NULL, NULL, NULL, NULL),
(14, 14, 'DONDA EXEQUIEL MATIAS', NULL, '', 0, NULL, '0000-00-00', NULL, NULL, '0000-00-00', NULL, NULL, 2, NULL, 1, 'M', NULL, NULL, NULL, NULL, NULL, NULL, NULL, NULL, NULL),
(15, 15, 'MORETTI CARLOS RENE', NULL, '', 0, NULL, '0000-00-00', NULL, NULL, '0000-00-00', NULL, NULL, 2, NULL, 1, 'M', NULL, NULL, NULL, NULL, NULL, NULL, NULL, NULL, NULL),
(16, 16, 'MONZON GERARDO RAÚL', NULL, '', 0, NULL, '0000-00-00', NULL, NULL, '0000-00-00', NULL, NULL, 2, NULL, 1, 'M', NULL, NULL, NULL, NULL, NULL, NULL, NULL, NULL, NULL),
(17, 17, 'IBARRA EMMA', NULL, '', 0, NULL, '0000-00-00', NULL, NULL, '0000-00-00', NULL, NULL, 2, NULL, 1, 'F', NULL, NULL, NULL, NULL, NULL, NULL, NULL, NULL, NULL),
(18, 18, 'COLLAUD YOLANDA ELENA', NULL, '', 0, NULL, '0000-00-00', NULL, NULL, '0000-00-00', NULL, NULL, 2, NULL, 1, 'F', NULL, NULL, NULL, NULL, NULL, NULL, NULL, NULL, NULL),
(19, 19, 'PISECH OSVALDO', NULL, '', 0, NULL, '0000-00-00', NULL, NULL, '0000-00-00', NULL, NULL, 2, NULL, 1, 'M', NULL, NULL, NULL, NULL, NULL, NULL, NULL, NULL, NULL),
(20, 20, 'HERGENREDER GLADIZ', NULL, '', 0, NULL, '0000-00-00', NULL, NULL, '0000-00-00', NULL, NULL, 2, NULL, 1, 'F', NULL, NULL, NULL, NULL, NULL, NULL, NULL, NULL, NULL),
(21, 21, 'GONZALEZ ANIBAL JUSTO', NULL, '', 8356, NULL, '0000-00-00', NULL, NULL, '0000-00-00', NULL, NULL, 2, NULL, 1, 'M', NULL, NULL, NULL, NULL, NULL, NULL, NULL, NULL, NULL),
(22, 22, 'IMPINI CLAUDIA BEATRIZ', NULL, '', 20681, NULL, '0000-00-00', NULL, NULL, '0000-00-00', NULL, NULL, 2, NULL, 1, 'F', NULL, NULL, NULL, NULL, NULL, NULL, NULL, NULL, NULL),
(23, 23, 'MUSSO GISELA', NULL, '', 25236, NULL, '0000-00-00', NULL, NULL, '0000-00-00', NULL, NULL, 2, NULL, 1, 'F', NULL, NULL, NULL, NULL, NULL, NULL, NULL, NULL, NULL),
(24, 24, 'GRECA DANIELA ROMINA', NULL, '', 29447, NULL, '0000-00-00', NULL, NULL, '0000-00-00', NULL, NULL, 2, NULL, 1, 'F', NULL, NULL, NULL, NULL, NULL, NULL, NULL, NULL, NULL),
(25, 25, 'ZATTI FABIAN', NULL, '', 20882, NULL, '0000-00-00', NULL, NULL, '0000-00-00', NULL, NULL, 2, NULL, 1, 'M', NULL, NULL, NULL, NULL, NULL, NULL, NULL, NULL, NULL),
(26, 26, 'TOFFOLINI MARIANO AGUSTIN', NULL, '', 26332, NULL, '0000-00-00', NULL, NULL, '0000-00-00', NULL, NULL, 2, NULL, 1, 'M', NULL, NULL, NULL, NULL, NULL, NULL, NULL, NULL, NULL),
(27, 27, 'PEREZ RAMON SALVADOR', NULL, '', 10824, NULL, '0000-00-00', NULL, NULL, '0000-00-00', NULL, NULL, 2, NULL, 1, 'M', NULL, NULL, NULL, NULL, NULL, NULL, NULL, NULL, NULL),
(28, 28, 'RASCH CARLOS ALBERTO', NULL, '', 7997, NULL, '0000-00-00', NULL, NULL, '0000-00-00', NULL, NULL, 2, NULL, 1, 'M', NULL, NULL, NULL, NULL, NULL, NULL, NULL, NULL, NULL),
(29, 29, 'ALMEIDA DIEGO', NULL, '', 14367, NULL, '0000-00-00', NULL, NULL, '0000-00-00', NULL, NULL, 2, NULL, 1, 'M', NULL, NULL, NULL, NULL, NULL, NULL, NULL, NULL, NULL),
(30, 30, 'CHAVEZ ROMINA NATALIA', NULL, '', 27157, NULL, '0000-00-00', NULL, NULL, '0000-00-00', NULL, NULL, 2, NULL, 1, 'F', NULL, NULL, NULL, NULL, NULL, NULL, NULL, NULL, NULL),
(31, 31, 'HUMPOLA CARLOS HECTOR', NULL, '', 8357, NULL, '0000-00-00', NULL, NULL, '0000-00-00', NULL, NULL, 2, NULL, 1, 'M', NULL, NULL, NULL, NULL, NULL, NULL, NULL, NULL, NULL),
(32, 32, 'MICHELIN HUGO ORLANDO', NULL, '', 14357, NULL, '0000-00-00', NULL, NULL, '0000-00-00', NULL, NULL, 2, NULL, 1, 'M', NULL, NULL, NULL, NULL, NULL, NULL, NULL, NULL, NULL),
(33, 33, 'MICHELIN DAIAN HUGO JESUS', NULL, '', 41282, NULL, '0000-00-00', NULL, NULL, '0000-00-00', NULL, NULL, 2, NULL, 1, 'M', NULL, NULL, NULL, NULL, NULL, NULL, NULL, NULL, NULL),
(34, 34, 'BRESSAN OSVALDO', NULL, '', 7705, NULL, '0000-00-00', NULL, NULL, '0000-00-00', NULL, NULL, 2, NULL, 1, 'M', NULL, NULL, NULL, NULL, NULL, NULL, NULL, NULL, NULL),
(35, 35, 'PONCE LAURA', NULL, '', 32058, NULL, '0000-00-00', NULL, NULL, '0000-00-00', NULL, NULL, 2, NULL, 1, 'F', NULL, NULL, NULL, NULL, NULL, NULL, NULL, NULL, NULL),
(36, 36, 'IMPINI ELVIO ANGEL', NULL, '', 5826, NULL, '0000-00-00', NULL, NULL, '0000-00-00', NULL, NULL, 2, NULL, 1, 'M', NULL, NULL, NULL, NULL, NULL, NULL, NULL, NULL, NULL),
(37, 37, 'MICHELIN BRIAN HUGO', NULL, '', 41282, NULL, '0000-00-00', NULL, NULL, '0000-00-00', NULL, NULL, 2, NULL, 1, 'M', NULL, NULL, NULL, NULL, NULL, NULL, NULL, NULL, NULL),
(38, 38, 'GASPARIN ARIEL', NULL, '', 24264, NULL, '0000-00-00', NULL, NULL, '0000-00-00', NULL, NULL, 2, NULL, 1, 'M', NULL, NULL, NULL, NULL, NULL, NULL, NULL, NULL, NULL),
(39, 39, 'TORNE LEONARDO ISMAEL', NULL, '', 23266, NULL, '0000-00-00', NULL, NULL, '0000-00-00', NULL, NULL, 2, NULL, 1, 'M', NULL, NULL, NULL, NULL, NULL, NULL, NULL, NULL, NULL),
(40, 40, 'RUHL DIEGO ALBERTO', NULL, '', 32188, NULL, '0000-00-00', NULL, NULL, '0000-00-00', NULL, NULL, 2, NULL, 1, 'M', NULL, NULL, NULL, NULL, NULL, NULL, NULL, NULL, NULL),
(41, 41, 'FERNANDEZ FRANCISCO GUILLERMO', NULL, '', 5945, NULL, '0000-00-00', NULL, NULL, '0000-00-00', NULL, NULL, 2, NULL, 1, 'M', NULL, NULL, NULL, NULL, NULL, NULL, NULL, NULL, NULL),
(42, 42, 'SORIA DIEGO GERMAN', NULL, '', 29120, NULL, '0000-00-00', NULL, NULL, '0000-00-00', NULL, NULL, 2, NULL, 1, 'M', NULL, NULL, NULL, NULL, NULL, NULL, NULL, NULL, NULL),
(43, 43, 'SOTO FERNANDO', NULL, '', 28676, NULL, '0000-00-00', NULL, NULL, '0000-00-00', NULL, NULL, 2, NULL, 1, 'M', NULL, NULL, NULL, NULL, NULL, NULL, NULL, NULL, NULL),
(44, 44, 'ACOSTA PABLO HERNAN', NULL, '', 32435, NULL, '0000-00-00', NULL, NULL, '0000-00-00', NULL, NULL, 2, NULL, 1, 'M', NULL, NULL, NULL, NULL, NULL, NULL, NULL, NULL, NULL),
(45, 45, 'BOURNISSENT HUGO CESAR', NULL, '', 16166, NULL, '0000-00-00', NULL, NULL, '0000-00-00', NULL, NULL, 2, NULL, 1, 'M', NULL, NULL, NULL, NULL, NULL, NULL, NULL, NULL, NULL),
(46, 46, 'CORONA ADRIANO EMANUEL', NULL, '', 30829, NULL, '0000-00-00', NULL, NULL, '0000-00-00', NULL, NULL, 2, NULL, 1, 'M', NULL, NULL, NULL, NULL, NULL, NULL, NULL, NULL, NULL),
(47, 47, 'PEREYRA JACINTO', NULL, '', 5940, NULL, '0000-00-00', NULL, NULL, '0000-00-00', NULL, NULL, 2, NULL, 1, 'M', NULL, NULL, NULL, NULL, NULL, NULL, NULL, NULL, NULL),
(48, 48, 'PICOTTI EMMA ANALIA', NULL, '', 23190, NULL, '0000-00-00', NULL, NULL, '0000-00-00', NULL, NULL, 2, NULL, 1, 'F', NULL, NULL, NULL, NULL, NULL, NULL, NULL, NULL, NULL),
(49, 49, 'LOPES JOSE', NULL, '', 8006, NULL, '0000-00-00', NULL, NULL, '0000-00-00', NULL, NULL, 2, NULL, 1, 'M', NULL, NULL, NULL, NULL, NULL, NULL, NULL, NULL, NULL),
(50, 50, 'ALMADA DE ZAMPIERI VIVIANA ROSA', NULL, '', 17186, NULL, '0000-00-00', NULL, NULL, '0000-00-00', NULL, NULL, 2, NULL, 1, 'F', NULL, NULL, NULL, NULL, NULL, NULL, NULL, NULL, NULL),
(51, 51, 'ZAMPIERI VICTOR ISMAEL', NULL, '', 14830, NULL, '0000-00-00', NULL, NULL, '0000-00-00', NULL, NULL, 2, NULL, 1, 'M', NULL, NULL, NULL, NULL, NULL, NULL, NULL, NULL, NULL),
(52, 52, 'MILLAN VERONICA', NULL, '', 24592, NULL, '0000-00-00', NULL, NULL, '0000-00-00', NULL, NULL, 2, NULL, 1, 'F', NULL, NULL, NULL, NULL, NULL, NULL, NULL, NULL, NULL),
(53, 53, 'NETTO CRISTIAN MARIANO', NULL, '', 26332, NULL, '0000-00-00', NULL, NULL, '0000-00-00', NULL, NULL, 2, NULL, 1, 'M', NULL, NULL, NULL, NULL, NULL, NULL, NULL, NULL, NULL),
(54, 54, 'SILVA LUIS ALBERTO', NULL, '', 18513, NULL, '0000-00-00', NULL, NULL, '0000-00-00', NULL, NULL, 2, NULL, 1, 'M', NULL, NULL, NULL, NULL, NULL, NULL, NULL, NULL, NULL),
(55, 55, 'DONDA JUAN CARLOS JESUS', NULL, '', 10190, NULL, '0000-00-00', NULL, NULL, '0000-00-00', NULL, NULL, 2, NULL, 1, 'M', NULL, NULL, NULL, NULL, NULL, NULL, NULL, NULL, NULL),
(56, 56, 'WASINGER ROMAN JOSE', NULL, '', 29024, NULL, '0000-00-00', NULL, NULL, '0000-00-00', NULL, NULL, 2, NULL, 1, 'M', NULL, NULL, NULL, NULL, NULL, NULL, NULL, NULL, NULL),
(57, 57, 'BANCHERO PATRICIA ESTER', NULL, '', 20421, NULL, '0000-00-00', NULL, NULL, '0000-00-00', NULL, NULL, 2, NULL, 1, 'F', NULL, NULL, NULL, NULL, NULL, NULL, NULL, NULL, NULL),
(58, 58, 'BONACCI PABLO FABIAN', NULL, '', 20243, NULL, '0000-00-00', NULL, NULL, '0000-00-00', NULL, NULL, 2, NULL, 1, 'M', NULL, NULL, NULL, NULL, NULL, NULL, NULL, NULL, NULL),
(59, 59, 'ZAMPIERI ALMADA MAXIMILIANO', NULL, '', 33502, NULL, '0000-00-00', NULL, NULL, '0000-00-00', NULL, NULL, 2, NULL, 1, 'M', NULL, NULL, NULL, NULL, NULL, NULL, NULL, NULL, NULL),
(60, 60, 'BENATAR RAUL', NULL, '', 5762, NULL, '0000-00-00', NULL, NULL, '0000-00-00', NULL, NULL, 2, NULL, 1, 'M', NULL, NULL, NULL, NULL, NULL, NULL, NULL, NULL, NULL),
(61, 61, 'DUBS LIVIO GABRIEL', NULL, '', 24156, NULL, '0000-00-00', NULL, NULL, '0000-00-00', NULL, NULL, 2, NULL, 1, 'M', NULL, NULL, NULL, NULL, NULL, NULL, NULL, NULL, NULL),
(62, 62, 'MONCY GIMENEZ PABLO FRANCO', NULL, '', 37223, NULL, '0000-00-00', NULL, NULL, '0000-00-00', NULL, NULL, 2, NULL, 1, 'M', NULL, NULL, NULL, NULL, NULL, NULL, NULL, NULL, NULL),
(63, 63, 'SALEGA RUBEN ALBERTO', NULL, '', 20747, NULL, '0000-00-00', NULL, NULL, '0000-00-00', NULL, NULL, 2, NULL, 1, 'M', NULL, NULL, NULL, NULL, NULL, NULL, NULL, NULL, NULL),
(64, 64, 'RUSIAN MARIANELA NOEMI', NULL, '', 35175, NULL, '0000-00-00', NULL, NULL, '0000-00-00', NULL, NULL, 2, NULL, 1, 'M', NULL, NULL, NULL, NULL, NULL, NULL, NULL, NULL, NULL),
(65, 65, 'BUSTAMANTE RAMIRO JUAN MANUEL', NULL, '', 31016, NULL, '0000-00-00', NULL, NULL, '0000-00-00', NULL, NULL, 2, NULL, 1, 'M', NULL, NULL, NULL, NULL, NULL, NULL, NULL, NULL, NULL),
(66, 66, 'WALTER ARIEL ORLANDO', NULL, '', 24899, NULL, '0000-00-00', NULL, NULL, '0000-00-00', NULL, NULL, 2, NULL, 1, 'M', NULL, NULL, NULL, NULL, NULL, NULL, NULL, NULL, NULL),
(67, 67, 'DIGIOVANI NANCY MARISOL   ', NULL, '', 25684, NULL, '0000-00-00', NULL, NULL, '0000-00-00', NULL, NULL, 2, NULL, 1, 'F', NULL, NULL, NULL, NULL, NULL, NULL, NULL, NULL, NULL),
(68, 68, 'MORENO EUGENIA DEL MILAGRO', NULL, '', 16683, NULL, '0000-00-00', NULL, NULL, '0000-00-00', NULL, NULL, 2, NULL, 1, 'F', NULL, NULL, NULL, NULL, NULL, NULL, NULL, NULL, NULL),
(69, 69, 'PELLINI MARTINEZ RICARDO ROBERTO', NULL, '', 37080, NULL, '0000-00-00', NULL, NULL, '0000-00-00', NULL, NULL, 2, NULL, 1, 'M', NULL, NULL, NULL, NULL, NULL, NULL, NULL, NULL, NULL),
(70, 70, 'GRANDOLIO JOAQUIN NICOLAS', NULL, '', 35295, NULL, '0000-00-00', NULL, NULL, '0000-00-00', NULL, NULL, 2, NULL, 1, 'M', NULL, NULL, NULL, NULL, NULL, NULL, NULL, NULL, NULL),
(71, 71, 'DE BUENO NADIA', NULL, '', 27157, NULL, '0000-00-00', NULL, NULL, '0000-00-00', NULL, NULL, 2, NULL, 1, 'F', NULL, NULL, NULL, NULL, NULL, NULL, NULL, NULL, NULL),
(72, 72, 'CAVALLO ZULMA', NULL, '', 20894, NULL, '0000-00-00', NULL, NULL, '0000-00-00', NULL, NULL, 2, NULL, 1, 'F', NULL, NULL, NULL, NULL, NULL, NULL, NULL, NULL, NULL),
(73, 73, 'RODRIGUEZ HERMINIO', NULL, '', 17553, NULL, '0000-00-00', NULL, NULL, '0000-00-00', NULL, NULL, 2, NULL, 1, 'M', NULL, NULL, NULL, NULL, NULL, NULL, NULL, NULL, NULL),
(74, 74, 'CALDERON JUANA', NULL, '', 10074, NULL, '0000-00-00', NULL, NULL, '0000-00-00', NULL, NULL, 2, NULL, 1, 'F', NULL, NULL, NULL, NULL, NULL, NULL, NULL, NULL, NULL),
(75, 75, 'MOREYRA DIEGO', NULL, '', 25033, NULL, '0000-00-00', NULL, NULL, '0000-00-00', NULL, NULL, 2, NULL, 1, 'M', NULL, NULL, NULL, NULL, NULL, NULL, NULL, NULL, NULL),
(76, 76, 'HORISBERGER JUAN', NULL, '', 23886, NULL, '0000-00-00', NULL, NULL, '0000-00-00', NULL, NULL, 2, NULL, 1, 'M', NULL, NULL, NULL, NULL, NULL, NULL, NULL, NULL, NULL),
(77, 77, 'VILTE NELSON', NULL, '', 34014, NULL, '0000-00-00', NULL, NULL, '0000-00-00', NULL, NULL, 2, NULL, 1, 'M', NULL, NULL, NULL, NULL, NULL, NULL, NULL, NULL, NULL),
(78, 78, 'PETERSEN LUIS', NULL, '', 33129, NULL, '0000-00-00', NULL, NULL, '0000-00-00', NULL, NULL, 2, NULL, 1, 'M', NULL, NULL, NULL, NULL, NULL, NULL, NULL, NULL, NULL),
(79, 79, 'GOMEZ NIDIA', NULL, '', 16075, NULL, '0000-00-00', NULL, NULL, '0000-00-00', NULL, NULL, 2, NULL, 1, 'F', NULL, NULL, NULL, NULL, NULL, NULL, NULL, NULL, NULL),
(80, 80, 'RUSSIAN MAURICIO', NULL, '', 31439, NULL, '0000-00-00', NULL, NULL, '0000-00-00', NULL, NULL, 2, NULL, 1, 'M', NULL, NULL, NULL, NULL, NULL, NULL, NULL, NULL, NULL),
(81, 81, 'RUIZ DIAZ RAUL', NULL, '', 14507, NULL, '0000-00-00', NULL, NULL, '0000-00-00', NULL, NULL, 2, NULL, 1, 'M', NULL, NULL, NULL, NULL, NULL, NULL, NULL, NULL, NULL),
(82, 82, 'ALMADA RICARDO', NULL, '', 24423, NULL, '0000-00-00', NULL, NULL, '0000-00-00', NULL, NULL, 2, NULL, 1, 'M', NULL, NULL, NULL, NULL, NULL, NULL, NULL, NULL, NULL),
(83, 83, 'BRIZUELA JOSE', NULL, '', 23975, NULL, '0000-00-00', NULL, NULL, '0000-00-00', NULL, NULL, 2, NULL, 1, 'M', NULL, NULL, NULL, NULL, NULL, NULL, NULL, NULL, NULL),
(84, 84, 'MOLINA JONATAN', NULL, '', 35708, NULL, '0000-00-00', NULL, NULL, '0000-00-00', NULL, NULL, 2, NULL, 1, 'M', NULL, NULL, NULL, NULL, NULL, NULL, NULL, NULL, NULL),
(85, 85, 'DEL BARCO NANCY', NULL, '', 36775, NULL, '0000-00-00', NULL, NULL, '0000-00-00', NULL, NULL, 2, NULL, 1, 'F', NULL, NULL, NULL, NULL, NULL, NULL, NULL, NULL, NULL),
(86, 86, 'SILVA YANINA', NULL, '', 37223, NULL, '0000-00-00', NULL, NULL, '0000-00-00', NULL, NULL, 2, NULL, 1, 'F', NULL, NULL, NULL, NULL, NULL, NULL, NULL, NULL, NULL),
(87, 87, 'BLANCO FRANCISCO', NULL, '', 40692, NULL, '0000-00-00', NULL, NULL, '0000-00-00', NULL, NULL, 2, NULL, 1, 'M', NULL, NULL, NULL, NULL, NULL, NULL, NULL, NULL, NULL),
(88, 88, 'SILVA FLORENCIA', NULL, '', 39838, NULL, '0000-00-00', NULL, NULL, '0000-00-00', NULL, NULL, 2, NULL, 1, 'F', NULL, NULL, NULL, NULL, NULL, NULL, NULL, NULL, NULL),
(89, 89, 'CALERO FERNAN', NULL, '', 41819, NULL, '0000-00-00', NULL, NULL, '0000-00-00', NULL, NULL, 2, NULL, 1, 'M', NULL, NULL, NULL, NULL, NULL, NULL, NULL, NULL, NULL),
(90, 90, 'BARON RAUL', NULL, '', 20724, NULL, '0000-00-00', NULL, NULL, '0000-00-00', NULL, NULL, 2, NULL, 1, 'M', NULL, NULL, NULL, NULL, NULL, NULL, NULL, NULL, NULL),
(91, 91, 'ANGELINI ROMINA', NULL, '', 28676, NULL, '0000-00-00', NULL, NULL, '0000-00-00', NULL, NULL, 2, NULL, 1, 'F', NULL, NULL, NULL, NULL, NULL, NULL, NULL, NULL, NULL),
(92, 92, 'RODRIGUEZ MARCELA', NULL, '', 21839, NULL, '0000-00-00', NULL, NULL, '0000-00-00', NULL, NULL, 2, NULL, 1, 'F', NULL, NULL, NULL, NULL, NULL, NULL, NULL, NULL, NULL),
(93, 93, 'BARZOLA JOSE', NULL, '', 30361, NULL, '0000-00-00', NULL, NULL, '0000-00-00', NULL, NULL, 2, NULL, 1, 'M', NULL, NULL, NULL, NULL, NULL, NULL, NULL, NULL, NULL),
(94, 94, 'COLMAN TAMARA', NULL, '', 41043, NULL, '0000-00-00', NULL, NULL, '0000-00-00', NULL, NULL, 2, NULL, 1, 'F', NULL, NULL, NULL, NULL, NULL, NULL, NULL, NULL, NULL),
(95, 95, 'MARTINEZ ISAIAS', NULL, '', 41754, NULL, '0000-00-00', NULL, NULL, '0000-00-00', NULL, NULL, 2, NULL, 1, 'M', NULL, NULL, NULL, NULL, NULL, NULL, NULL, NULL, NULL),
(96, 96, 'CORONA LUISINA', NULL, '', 48476, NULL, '0000-00-00', NULL, NULL, '0000-00-00', NULL, NULL, 2, NULL, 1, 'F', NULL, NULL, NULL, NULL, NULL, NULL, NULL, NULL, NULL),
(97, 97, 'BARON ENZO', NULL, '', 40406, NULL, '0000-00-00', NULL, NULL, '0000-00-00', NULL, NULL, 2, NULL, 1, 'M', NULL, NULL, NULL, NULL, NULL, NULL, NULL, NULL, NULL),
(98, 98, 'CARLETTI ANDRES', NULL, '', 35441, NULL, '0000-00-00', NULL, NULL, '0000-00-00', NULL, NULL, 2, NULL, 1, 'M', NULL, NULL, NULL, NULL, NULL, NULL, NULL, NULL, NULL),
(99, 99, 'BARON DAVID', NULL, '', 35708, NULL, '0000-00-00', NULL, NULL, '0000-00-00', NULL, NULL, 2, NULL, 1, 'M', NULL, NULL, NULL, NULL, NULL, NULL, NULL, NULL, NULL),
(100, 100, 'ZAMPIERI ALMADA MARCIA ROMINA', NULL, '', 36269, NULL, '0000-00-00', NULL, NULL, '0000-00-00', NULL, NULL, 2, NULL, 1, 'F', NULL, NULL, NULL, NULL, NULL, NULL, NULL, NULL, NULL),
(101, 101, 'ALBORNOZ JONATHAN JESUS', NULL, '', 38570, NULL, '0000-00-00', NULL, NULL, '0000-00-00', NULL, NULL, 2, NULL, 1, 'M', NULL, NULL, NULL, NULL, NULL, NULL, NULL, NULL, NULL),
(102, 102, 'LENCINA JESUS HERNAN', NULL, '', 20648, NULL, '0000-00-00', NULL, NULL, '0000-00-00', NULL, NULL, 2, NULL, 1, 'M', NULL, NULL, NULL, NULL, NULL, NULL, NULL, NULL, NULL),
(103, 103, 'BALBUENA DAVID ARIEL', NULL, '', 27359, NULL, '0000-00-00', NULL, NULL, '0000-00-00', NULL, NULL, 2, NULL, 1, 'M', NULL, NULL, NULL, NULL, NULL, NULL, NULL, NULL, NULL),
(104, 104, 'DUFOUR ALEXIS FABIAN', NULL, '', 28961, NULL, '0000-00-00', NULL, NULL, '0000-00-00', NULL, NULL, 2, NULL, 1, 'M', NULL, NULL, NULL, NULL, NULL, NULL, NULL, NULL, NULL),
(105, 105, 'GONZALEZ BARCOS MATEO JESUS', NULL, '', 37080, NULL, '0000-00-00', NULL, NULL, '0000-00-00', NULL, NULL, 2, NULL, 1, 'M', NULL, NULL, NULL, NULL, NULL, NULL, NULL, NULL, NULL),
(106, 106, 'GALVEZ MANUEL AUGUSTO', NULL, '', 40819, NULL, '0000-00-00', NULL, NULL, '0000-00-00', NULL, NULL, 2, NULL, 1, 'M', NULL, NULL, NULL, NULL, NULL, NULL, NULL, NULL, NULL),
(107, 107, 'RUSSIAN RAUL JOSE', NULL, '', 20894, NULL, '0000-00-00', NULL, NULL, '0000-00-00', NULL, NULL, 2, NULL, 1, 'M', NULL, NULL, NULL, NULL, NULL, NULL, NULL, NULL, NULL),
(108, 108, 'CAMUSSO NICOLE FLORENCIA', NULL, '', 44344, NULL, '0000-00-00', NULL, NULL, '0000-00-00', NULL, NULL, 2, NULL, 1, 'F', NULL, NULL, NULL, NULL, NULL, NULL, NULL, NULL, NULL),
(109, 109, 'CEPARO MILAGROS', NULL, '', 44819, NULL, '0000-00-00', NULL, NULL, '0000-00-00', NULL, NULL, 2, NULL, 1, 'F', NULL, NULL, NULL, NULL, NULL, NULL, NULL, NULL, NULL),
(110, 110, 'DETLER YEDRO CAMILA ANABEL', NULL, '', 44644, NULL, '0000-00-00', NULL, NULL, '0000-00-00', NULL, NULL, 2, NULL, 1, 'F', NULL, NULL, NULL, NULL, NULL, NULL, NULL, NULL, NULL),
(111, 111, 'LUQUE PIERINA', NULL, '', 42581, NULL, '0000-00-00', NULL, NULL, '0000-00-00', NULL, NULL, 2, NULL, 1, 'F', NULL, NULL, NULL, NULL, NULL, NULL, NULL, NULL, NULL),
(112, 112, 'MEIER BARBARA', NULL, '', 45386, NULL, '0000-00-00', NULL, NULL, '0000-00-00', NULL, NULL, 2, NULL, 1, 'F', NULL, NULL, NULL, NULL, NULL, NULL, NULL, NULL, NULL),
(113, 113, 'MEIER CATELINA', NULL, '', 45660, NULL, '0000-00-00', NULL, NULL, '0000-00-00', NULL, NULL, 2, NULL, 1, 'F', NULL, NULL, NULL, NULL, NULL, NULL, NULL, NULL, NULL),
(114, 114, 'MUÑOZ MILAGROS', NULL, '', 44497, NULL, '0000-00-00', NULL, NULL, '0000-00-00', NULL, NULL, 2, NULL, 1, 'F', NULL, NULL, NULL, NULL, NULL, NULL, NULL, NULL, NULL),
(115, 115, 'PATAT LUNA MARIA', NULL, '', 44497, NULL, '0000-00-00', NULL, NULL, '0000-00-00', NULL, NULL, 2, NULL, 1, 'F', NULL, NULL, NULL, NULL, NULL, NULL, NULL, NULL, NULL),
(116, 116, 'NICOLINI MARIANA', NULL, '', 42602, NULL, '0000-00-00', NULL, NULL, '0000-00-00', NULL, NULL, 2, NULL, 1, 'F', NULL, NULL, NULL, NULL, NULL, NULL, NULL, NULL, NULL),
(117, 117, 'BLANCO EMILCE', NULL, '', 43147, NULL, '0000-00-00', NULL, NULL, '0000-00-00', NULL, NULL, 2, NULL, 1, 'F', NULL, NULL, NULL, NULL, NULL, NULL, NULL, NULL, NULL),
(118, 118, 'BLANCO ROCIO', NULL, '', 43147, NULL, '0000-00-00', NULL, NULL, '0000-00-00', NULL, NULL, 2, NULL, 1, 'F', NULL, NULL, NULL, NULL, NULL, NULL, NULL, NULL, NULL),
(119, 119, 'ARCE LUJAN EKATELIRINA', NULL, '', 45617, NULL, '0000-00-00', NULL, NULL, '0000-00-00', NULL, NULL, 2, NULL, 1, 'F', NULL, NULL, NULL, NULL, NULL, NULL, NULL, NULL, NULL),
(120, 120, 'CALDERON CIELO MILEN', NULL, '', 46150, NULL, '0000-00-00', NULL, NULL, '0000-00-00', NULL, NULL, 2, NULL, 1, 'F', NULL, NULL, NULL, NULL, NULL, NULL, NULL, NULL, NULL),
(121, 121, 'CARMARAN IARA VALENTINA', NULL, '', 46150, NULL, '0000-00-00', NULL, NULL, '0000-00-00', NULL, NULL, 2, NULL, 1, 'F', NULL, NULL, NULL, NULL, NULL, NULL, NULL, NULL, NULL),
(122, 122, 'DESOUD FLORENCIA', NULL, '', 45758, NULL, '0000-00-00', NULL, NULL, '0000-00-00', NULL, NULL, 2, NULL, 1, 'F', NULL, NULL, NULL, NULL, NULL, NULL, NULL, NULL, NULL),
(123, 123, 'DIAZ ABRIL', NULL, '', 45552, NULL, '0000-00-00', NULL, NULL, '0000-00-00', NULL, NULL, 2, NULL, 1, 'F', NULL, NULL, NULL, NULL, NULL, NULL, NULL, NULL, NULL),
(124, 124, 'FRANCO FABIA FLORENCIA', NULL, '', 45387, NULL, '0000-00-00', NULL, NULL, '0000-00-00', NULL, NULL, 2, NULL, 1, 'F', NULL, NULL, NULL, NULL, NULL, NULL, NULL, NULL, NULL),
(125, 125, 'GILES ORIANA VALENTINA', NULL, '', 45047, NULL, '0000-00-00', NULL, NULL, '0000-00-00', NULL, NULL, 2, NULL, 1, 'F', NULL, NULL, NULL, NULL, NULL, NULL, NULL, NULL, NULL),
(126, 126, 'GODOY GUILLERMINA', NULL, '', 46466, NULL, '0000-00-00', NULL, NULL, '0000-00-00', NULL, NULL, 2, NULL, 1, 'F', NULL, NULL, NULL, NULL, NULL, NULL, NULL, NULL, NULL),
(127, 127, 'GODOY SABRINA', NULL, '', 46466, NULL, '0000-00-00', NULL, NULL, '0000-00-00', NULL, NULL, 2, NULL, 1, 'F', NULL, NULL, NULL, NULL, NULL, NULL, NULL, NULL, NULL),
(128, 128, 'LORENZON IARA ABIGAIL', NULL, '', 45847, NULL, '0000-00-00', NULL, NULL, '0000-00-00', NULL, NULL, 2, NULL, 1, 'F', NULL, NULL, NULL, NULL, NULL, NULL, NULL, NULL, NULL),
(129, 129, 'MAROSINI NAHIR NAIFE', NULL, '', 45755, NULL, '0000-00-00', NULL, NULL, '0000-00-00', NULL, NULL, 2, NULL, 1, 'F', NULL, NULL, NULL, NULL, NULL, NULL, NULL, NULL, NULL),
(130, 130, 'PORTILLO YASMIN ABIGAIL', NULL, '', 45847, NULL, '0000-00-00', NULL, NULL, '0000-00-00', NULL, NULL, 2, NULL, 1, 'F', NULL, NULL, NULL, NULL, NULL, NULL, NULL, NULL, NULL),
(131, 131, 'QUIROGA GIULIANA AGOSTINA', NULL, '', 46466, NULL, '0000-00-00', NULL, NULL, '0000-00-00', NULL, NULL, 2, NULL, 1, 'F', NULL, NULL, NULL, NULL, NULL, NULL, NULL, NULL, NULL),
(132, 132, 'QUIROGA MELINA ANABEL', NULL, '', 46466, NULL, '0000-00-00', NULL, NULL, '0000-00-00', NULL, NULL, 2, NULL, 1, 'F', NULL, NULL, NULL, NULL, NULL, NULL, NULL, NULL, NULL),
(133, 133, 'RONCAGLIONE LARA LUJAN', NULL, '', 45758, NULL, '0000-00-00', NULL, NULL, '0000-00-00', NULL, NULL, 2, NULL, 1, 'F', NULL, NULL, NULL, NULL, NULL, NULL, NULL, NULL, NULL),
(134, 134, 'TOLEDANO SELENE ABIGAIL ', NULL, '', 46082, NULL, '0000-00-00', NULL, NULL, '0000-00-00', NULL, NULL, 2, NULL, 1, 'F', NULL, NULL, NULL, NULL, NULL, NULL, NULL, NULL, NULL),
(135, 135, 'BALDI LUANA', NULL, '', 46779077, NULL, '0000-00-00', NULL, NULL, '0000-00-00', NULL, NULL, 2, NULL, 1, 'F', NULL, NULL, NULL, NULL, NULL, NULL, NULL, NULL, NULL),
(136, 136, 'BONACCI CELESTE', NULL, '', 47522, NULL, '0000-00-00', NULL, NULL, '0000-00-00', NULL, NULL, 2, NULL, 1, 'F', NULL, NULL, NULL, NULL, NULL, NULL, NULL, NULL, NULL),
(137, 137, 'CAMUSO ORIANA', NULL, '', 44344, NULL, '0000-00-00', NULL, NULL, '0000-00-00', NULL, NULL, 2, NULL, 1, 'F', NULL, NULL, NULL, NULL, NULL, NULL, NULL, NULL, NULL),
(138, 138, 'AVILA DELFINA', NULL, '', 48476, NULL, '0000-00-00', NULL, NULL, '0000-00-00', NULL, NULL, 2, NULL, 1, 'F', NULL, NULL, NULL, NULL, NULL, NULL, NULL, NULL, NULL),
(139, 139, 'BERGARA TENTOR MORENA ', NULL, '', 48906, NULL, '0000-00-00', NULL, NULL, '0000-00-00', NULL, NULL, 2, NULL, 1, 'F', NULL, NULL, NULL, NULL, NULL, NULL, NULL, NULL, NULL),
(140, 140, 'CUATRIN MARIA JULIETA', NULL, '', 50477, NULL, '0000-00-00', NULL, NULL, '0000-00-00', NULL, NULL, 2, NULL, 1, 'F', NULL, NULL, NULL, NULL, NULL, NULL, NULL, NULL, NULL),
(141, 141, 'DIAZ SOFIA MAITEN', NULL, '', 49712, NULL, '0000-00-00', NULL, NULL, '0000-00-00', NULL, NULL, 2, NULL, 1, 'F', NULL, NULL, NULL, NULL, NULL, NULL, NULL, NULL, NULL),
(142, 142, 'DITLER AYELEN ANAHI', NULL, '', 48202, NULL, '0000-00-00', NULL, NULL, '0000-00-00', NULL, NULL, 2, NULL, 1, 'F', NULL, NULL, NULL, NULL, NULL, NULL, NULL, NULL, NULL),
(143, 143, 'FILIPPO VALENTINA AILEN', NULL, '', 48476, NULL, '0000-00-00', NULL, NULL, '0000-00-00', NULL, NULL, 2, NULL, 1, 'F', NULL, NULL, NULL, NULL, NULL, NULL, NULL, NULL, NULL),
(144, 144, 'MORATO CACERES MAITENA ITATI', NULL, '', 48476, NULL, '0000-00-00', NULL, NULL, '0000-00-00', NULL, NULL, 2, NULL, 1, 'F', NULL, NULL, NULL, NULL, NULL, NULL, NULL, NULL, NULL),
(145, 145, 'PODESTA SOTO ANTONELA ABIGAIL', NULL, '', 48401, NULL, '0000-00-00', NULL, NULL, '0000-00-00', NULL, NULL, 2, NULL, 1, 'F', NULL, NULL, NULL, NULL, NULL, NULL, NULL, NULL, NULL),
(146, 146, 'QUIROGA MICAELA', NULL, '', 48906, NULL, '0000-00-00', NULL, NULL, '0000-00-00', NULL, NULL, 2, NULL, 1, 'F', NULL, NULL, NULL, NULL, NULL, NULL, NULL, NULL, NULL),
(147, 147, 'RUHL LOPEZ XIMENA ANTONELLA', NULL, '', 48906, NULL, '0000-00-00', NULL, NULL, '0000-00-00', NULL, NULL, 2, NULL, 1, 'F', NULL, NULL, NULL, NULL, NULL, NULL, NULL, NULL, NULL),
(148, 148, 'SEGOVI LIZ ARANZAZU ', NULL, '', 51038, NULL, '0000-00-00', NULL, NULL, '0000-00-00', NULL, NULL, 2, NULL, 1, 'F', NULL, NULL, NULL, NULL, NULL, NULL, NULL, NULL, NULL),
(149, 149, 'VAN ASTEN LOURDES ROCIO', NULL, '', 48907, NULL, '0000-00-00', NULL, NULL, '0000-00-00', NULL, NULL, 2, NULL, 1, 'F', NULL, NULL, NULL, NULL, NULL, NULL, NULL, NULL, NULL),
(150, 150, 'ZUIANI VELEZ ALMA VALENTINA', NULL, '', 49819, NULL, '0000-00-00', NULL, NULL, '0000-00-00', NULL, NULL, 2, NULL, 1, 'F', NULL, NULL, NULL, NULL, NULL, NULL, NULL, NULL, NULL),
(151, 151, 'BOLZAN MAGDALENA ', NULL, '', 46319, NULL, '0000-00-00', NULL, NULL, '0000-00-00', NULL, NULL, 2, NULL, 1, 'F', NULL, NULL, NULL, NULL, NULL, NULL, NULL, NULL, NULL),
(152, 152, 'CASERES MARA', NULL, '', 48906, NULL, '0000-00-00', NULL, NULL, '0000-00-00', NULL, NULL, 2, NULL, 1, 'F', NULL, NULL, NULL, NULL, NULL, NULL, NULL, NULL, NULL),
(153, 153, 'CHIAMA VALENTINA', NULL, '', 46082, NULL, '0000-00-00', NULL, NULL, '0000-00-00', NULL, NULL, 2, NULL, 1, 'F', NULL, NULL, NULL, NULL, NULL, NULL, NULL, NULL, NULL),
(154, 154, 'ERBES LIZ', NULL, '', 48476, NULL, '0000-00-00', NULL, NULL, '0000-00-00', NULL, NULL, 2, NULL, 1, 'F', NULL, NULL, NULL, NULL, NULL, NULL, NULL, NULL, NULL),
(155, 155, 'ERBES LUCIA', NULL, '', 46082, NULL, '0000-00-00', NULL, NULL, '0000-00-00', NULL, NULL, 2, NULL, 1, 'F', NULL, NULL, NULL, NULL, NULL, NULL, NULL, NULL, NULL),
(156, 156, 'FONTANA MICAELA BELEN', NULL, '', 47705, NULL, '0000-00-00', NULL, NULL, '0000-00-00', NULL, NULL, 2, NULL, 1, 'F', NULL, NULL, NULL, NULL, NULL, NULL, NULL, NULL, NULL),
(157, 157, 'GIMENEZ BRENDAXIARA JAZMIN', NULL, '', 48906, NULL, '0000-00-00', NULL, NULL, '0000-00-00', NULL, NULL, 2, NULL, 1, 'F', NULL, NULL, NULL, NULL, NULL, NULL, NULL, NULL, NULL),
(158, 158, 'GODOY BERLARI SOFIA FAUSTINA', NULL, '', 46082, NULL, '0000-00-00', NULL, NULL, '0000-00-00', NULL, NULL, 2, NULL, 1, 'F', NULL, NULL, NULL, NULL, NULL, NULL, NULL, NULL, NULL),
(159, 159, 'IBARRA ROTH CATALINA EVA', NULL, '', 48476, NULL, '0000-00-00', NULL, NULL, '0000-00-00', NULL, NULL, 2, NULL, 1, 'F', NULL, NULL, NULL, NULL, NULL, NULL, NULL, NULL, NULL),
(160, 160, 'MARTINES BAZZANO ANA PAULA', NULL, '', 47982, NULL, '0000-00-00', NULL, NULL, '0000-00-00', NULL, NULL, 2, NULL, 1, 'F', NULL, NULL, NULL, NULL, NULL, NULL, NULL, NULL, NULL),
(161, 161, 'PAEZ MALENA AILEN', NULL, '', 46151, NULL, '0000-00-00', NULL, NULL, '0000-00-00', NULL, NULL, 2, NULL, 1, 'F', NULL, NULL, NULL, NULL, NULL, NULL, NULL, NULL, NULL),
(162, 162, 'PIANI MARTINA', NULL, '', 47527, NULL, '0000-00-00', NULL, NULL, '0000-00-00', NULL, NULL, 2, NULL, 1, 'F', NULL, NULL, NULL, NULL, NULL, NULL, NULL, NULL, NULL),
(163, 163, 'PICOTTI CAMILA', NULL, '', 47705, NULL, '0000-00-00', NULL, NULL, '0000-00-00', NULL, NULL, 2, NULL, 1, 'F', NULL, NULL, NULL, NULL, NULL, NULL, NULL, NULL, NULL),
(164, 164, 'PICOTTI HUCK NAYLA', NULL, '', 47247, NULL, '0000-00-00', NULL, NULL, '0000-00-00', NULL, NULL, 2, NULL, 1, 'F', NULL, NULL, NULL, NULL, NULL, NULL, NULL, NULL, NULL),
(165, 165, 'PORTILLO MICAELA MAGALI', NULL, '', 46779, NULL, '0000-00-00', NULL, NULL, '0000-00-00', NULL, NULL, 2, NULL, 1, 'F', NULL, NULL, NULL, NULL, NULL, NULL, NULL, NULL, NULL),
(166, 166, 'REDING  CANDELA', NULL, '', 47926, NULL, '0000-00-00', NULL, NULL, '0000-00-00', NULL, NULL, 2, NULL, 1, 'F', NULL, NULL, NULL, NULL, NULL, NULL, NULL, NULL, NULL),
(167, 167, 'SOLTERMAN MILENA ', NULL, '', 47178, NULL, '0000-00-00', NULL, NULL, '0000-00-00', NULL, NULL, 2, NULL, 1, 'F', NULL, NULL, NULL, NULL, NULL, NULL, NULL, NULL, NULL),
(168, 168, 'YACOB  CAMILA MARISOL', NULL, '', 48476, NULL, '0000-00-00', NULL, NULL, '0000-00-00', NULL, NULL, 2, NULL, 1, 'F', NULL, NULL, NULL, NULL, NULL, NULL, NULL, NULL, NULL),
(169, 169, 'COMAS JACOB  MAYLEN', NULL, '', 50685316, NULL, '0000-00-00', NULL, NULL, '0000-00-00', NULL, NULL, 2, NULL, 1, 'F', NULL, NULL, NULL, NULL, NULL, NULL, NULL, NULL, NULL),
(170, 170, 'LEDERHOS ZANUTTI THIAGO', NULL, '', 52257434, NULL, '0000-00-00', NULL, NULL, '0000-00-00', NULL, NULL, 2, NULL, 1, 'M', NULL, NULL, NULL, NULL, NULL, NULL, NULL, NULL, NULL),
(171, 171, 'PISECH SANTIAGO', NULL, '', 50732, NULL, '0000-00-00', NULL, NULL, '0000-00-00', NULL, NULL, 2, NULL, 1, 'M', NULL, NULL, NULL, NULL, NULL, NULL, NULL, NULL, NULL),
(172, 172, 'RODRIGUEZ MUSICH LAUTARO', NULL, '', 49512183, NULL, '0000-00-00', NULL, NULL, '0000-00-00', NULL, NULL, 2, NULL, 1, 'M', NULL, NULL, NULL, NULL, NULL, NULL, NULL, NULL, NULL),
(173, 173, 'DITTLER PEREZ TIZIANO GABRIEL', NULL, '', 48906, NULL, '0000-00-00', NULL, NULL, '0000-00-00', NULL, NULL, 2, NULL, 1, 'M', NULL, NULL, NULL, NULL, NULL, NULL, NULL, NULL, NULL),
(174, 174, 'HERRLEIN ULISES DANIEL', NULL, '', 44644, NULL, '0000-00-00', NULL, NULL, '0000-00-00', NULL, NULL, 2, NULL, 1, 'M', NULL, NULL, NULL, NULL, NULL, NULL, NULL, NULL, NULL),
(175, 175, 'KOLIGNON KUMAGAE LAUTARO NICOLAS', NULL, '', 48202, NULL, '0000-00-00', NULL, NULL, '0000-00-00', NULL, NULL, 2, NULL, 1, 'M', NULL, NULL, NULL, NULL, NULL, NULL, NULL, NULL, NULL),
(176, 176, 'NOGUERA IAN', NULL, '', 46151, NULL, '0000-00-00', NULL, NULL, '0000-00-00', NULL, NULL, 2, NULL, 1, 'M', NULL, NULL, NULL, NULL, NULL, NULL, NULL, NULL, NULL),
(177, 177, 'BARSANTE FACUNDO JOSE', NULL, '', 48906, NULL, '0000-00-00', NULL, NULL, '0000-00-00', NULL, NULL, 2, NULL, 1, 'M', NULL, NULL, NULL, NULL, NULL, NULL, NULL, NULL, NULL),
(178, 178, 'BASARTE JOAQUIN OCTAVIO', NULL, '', 49792, NULL, '0000-00-00', NULL, NULL, '0000-00-00', NULL, NULL, 2, NULL, 1, 'M', NULL, NULL, NULL, NULL, NULL, NULL, NULL, NULL, NULL),
(179, 179, 'SUAREZ MIÑO STEFANO JOEL', NULL, '', 47410, NULL, '0000-00-00', NULL, NULL, '0000-00-00', NULL, NULL, 2, NULL, 1, 'M', NULL, NULL, NULL, NULL, NULL, NULL, NULL, NULL, NULL),
(180, 180, 'ALMADA  GIACCIO  LAUTARO GABRIEL', NULL, '', 42263, NULL, '0000-00-00', NULL, NULL, '0000-00-00', NULL, NULL, 2, NULL, 1, 'M', NULL, NULL, NULL, NULL, NULL, NULL, NULL, NULL, NULL),
(181, 181, 'BARZOLA JEREMIAS JOEL', NULL, '', 41907, NULL, '0000-00-00', NULL, NULL, '0000-00-00', NULL, NULL, 2, NULL, 1, 'M', NULL, NULL, NULL, NULL, NULL, NULL, NULL, NULL, NULL),
(182, 182, 'BEADE JOAQUIN', NULL, '', 42070, NULL, '0000-00-00', NULL, NULL, '0000-00-00', NULL, NULL, 2, NULL, 1, 'M', NULL, NULL, NULL, NULL, NULL, NULL, NULL, NULL, NULL),
(183, 183, 'BERON AXEL JOEL AGUSTIN', NULL, '', 41754, NULL, '0000-00-00', NULL, NULL, '0000-00-00', NULL, NULL, 2, NULL, 1, 'M', NULL, NULL, NULL, NULL, NULL, NULL, NULL, NULL, NULL),
(184, 184, 'CORTEZI FABIAN CLAUDIO', NULL, '', 42732, NULL, '0000-00-00', NULL, NULL, '0000-00-00', NULL, NULL, 2, NULL, 1, 'M', NULL, NULL, NULL, NULL, NULL, NULL, NULL, NULL, NULL),
(185, 185, 'ESPINOSA BETTONI AGUSTIN', NULL, '', 42241, NULL, '0000-00-00', NULL, NULL, '0000-00-00', NULL, NULL, 2, NULL, 1, 'M', NULL, NULL, NULL, NULL, NULL, NULL, NULL, NULL, NULL),
(186, 186, 'GODOY OMAR EDUARDO', NULL, '', 42926, NULL, '0000-00-00', NULL, NULL, '0000-00-00', NULL, NULL, 2, NULL, 1, 'M', NULL, NULL, NULL, NULL, NULL, NULL, NULL, NULL, NULL),
(187, 187, 'GONZALEZ CRISTIAN EMANUEL', NULL, '', 42581, NULL, '0000-00-00', NULL, NULL, '0000-00-00', NULL, NULL, 2, NULL, 1, 'M', NULL, NULL, NULL, NULL, NULL, NULL, NULL, NULL, NULL),
(188, 188, 'HUMBERT MATIAS ALEXIS', NULL, '', 41754, NULL, '0000-00-00', NULL, NULL, '0000-00-00', NULL, NULL, 2, NULL, 1, 'M', NULL, NULL, NULL, NULL, NULL, NULL, NULL, NULL, NULL),
(189, 189, 'MICHELIN DAIAN HUGO JESUS', NULL, '', 41282, NULL, '0000-00-00', NULL, NULL, '0000-00-00', NULL, NULL, 2, NULL, 1, 'M', NULL, NULL, NULL, NULL, NULL, NULL, NULL, NULL, NULL),
(190, 190, 'PEREZ MATIAS', NULL, '', 42852, NULL, '0000-00-00', NULL, NULL, '0000-00-00', NULL, NULL, 2, NULL, 1, 'M', NULL, NULL, NULL, NULL, NULL, NULL, NULL, NULL, NULL),
(191, 191, 'RIVERO SEBASTIAN JAVIER', NULL, '', 42580, NULL, '0000-00-00', NULL, NULL, '0000-00-00', NULL, NULL, 2, NULL, 1, 'M', NULL, NULL, NULL, NULL, NULL, NULL, NULL, NULL, NULL),
(192, 192, 'ROMERO LAUTARO ALEJANDRO', NULL, '', 42070, NULL, '0000-00-00', NULL, NULL, '0000-00-00', NULL, NULL, 2, NULL, 1, 'M', NULL, NULL, NULL, NULL, NULL, NULL, NULL, NULL, NULL),
(193, 193, 'RUIZ DIAZ ENZO JESUS', NULL, '', 41907, NULL, '0000-00-00', NULL, NULL, '0000-00-00', NULL, NULL, 2, NULL, 1, 'M', NULL, NULL, NULL, NULL, NULL, NULL, NULL, NULL, NULL),
(194, 194, 'SAHIAN THIAGO AGUSTIN', NULL, '', 43114, NULL, '0000-00-00', NULL, NULL, '0000-00-00', NULL, NULL, 2, NULL, 1, 'M', NULL, NULL, NULL, NULL, NULL, NULL, NULL, NULL, NULL),
(195, 195, 'SANGOY NAHUEL AGUSTIN', NULL, '', 42470, NULL, '0000-00-00', NULL, NULL, '0000-00-00', NULL, NULL, 2, NULL, 1, 'M', NULL, NULL, NULL, NULL, NULL, NULL, NULL, NULL, NULL),
(196, 196, 'SIMINO JAVIER MANUEL IGNACIO', NULL, '', 41683, NULL, '0000-00-00', NULL, NULL, '0000-00-00', NULL, NULL, 2, NULL, 1, 'M', NULL, NULL, NULL, NULL, NULL, NULL, NULL, NULL, NULL),
(197, 197, 'SIONE FRANCISCO JOSE', NULL, '', 42852, NULL, '0000-00-00', NULL, NULL, '0000-00-00', NULL, NULL, 2, NULL, 1, 'M', NULL, NULL, NULL, NULL, NULL, NULL, NULL, NULL, NULL),
(198, 198, 'VENER MATIAS', NULL, '', 43114, NULL, '0000-00-00', NULL, NULL, '0000-00-00', NULL, NULL, 2, NULL, 1, 'M', NULL, NULL, NULL, NULL, NULL, NULL, NULL, NULL, NULL),
(199, 199, 'SCHAB ERWIN PABLO', NULL, '', 42364, NULL, '0000-00-00', NULL, NULL, '0000-00-00', NULL, NULL, 2, NULL, 1, 'M', NULL, NULL, NULL, NULL, NULL, NULL, NULL, NULL, NULL),
(200, 200, 'RE AXEL AGUSTIN', NULL, '', 42476, NULL, '0000-00-00', NULL, NULL, '0000-00-00', NULL, NULL, 2, NULL, 1, 'M', NULL, NULL, NULL, NULL, NULL, NULL, NULL, NULL, NULL),
(201, 201, 'BALBUENA GUILLERMO ALEJANDRO', NULL, '', 43294, NULL, '0000-00-00', NULL, NULL, '0000-00-00', NULL, NULL, 2, NULL, 1, 'M', NULL, NULL, NULL, NULL, NULL, NULL, NULL, NULL, NULL),
(202, 202, 'BRIZUELA FACUNDO', NULL, '', 43350, NULL, '0000-00-00', NULL, NULL, '0000-00-00', NULL, NULL, 2, NULL, 1, 'M', NULL, NULL, NULL, NULL, NULL, NULL, NULL, NULL, NULL),
(203, 203, 'ESPINOSA DANIEL ALEJANDRO', NULL, '', 43538, NULL, '0000-00-00', NULL, NULL, '0000-00-00', NULL, NULL, 2, NULL, 1, 'M', NULL, NULL, NULL, NULL, NULL, NULL, NULL, NULL, NULL),
(204, 204, 'GANDOLFO BRUNO IVAN', NULL, '', 43539, NULL, '0000-00-00', NULL, NULL, '0000-00-00', NULL, NULL, 2, NULL, 1, 'M', NULL, NULL, NULL, NULL, NULL, NULL, NULL, NULL, NULL),
(205, 205, 'GASPARIN CESAR RODRIGO', NULL, '', 43827, NULL, '0000-00-00', NULL, NULL, '0000-00-00', NULL, NULL, 2, NULL, 1, 'M', NULL, NULL, NULL, NULL, NULL, NULL, NULL, NULL, NULL),
(206, 206, 'GAUMA FABRICIO ELIAS', NULL, '', 42560, NULL, '0000-00-00', NULL, NULL, '0000-00-00', NULL, NULL, 2, NULL, 1, 'M', NULL, NULL, NULL, NULL, NULL, NULL, NULL, NULL, NULL),
(207, 207, 'GIORGIO GONZALO', NULL, '', 43348, NULL, '0000-00-00', NULL, NULL, '0000-00-00', NULL, NULL, 2, NULL, 1, 'M', NULL, NULL, NULL, NULL, NULL, NULL, NULL, NULL, NULL),
(208, 208, 'GOMEZ VILLAVERDE ENZO', NULL, '', 43348, NULL, '0000-00-00', NULL, NULL, '0000-00-00', NULL, NULL, 2, NULL, 1, 'M', NULL, NULL, NULL, NULL, NULL, NULL, NULL, NULL, NULL),
(209, 209, 'GONZALEZ DANIEL WALDEMAR', NULL, '', 43113, NULL, '0000-00-00', NULL, NULL, '0000-00-00', NULL, NULL, 2, NULL, 1, 'M', NULL, NULL, NULL, NULL, NULL, NULL, NULL, NULL, NULL),
(210, 210, 'JORGE GONZALO NALLIB', NULL, '', 43296, NULL, '0000-00-00', NULL, NULL, '0000-00-00', NULL, NULL, 2, NULL, 1, 'M', NULL, NULL, NULL, NULL, NULL, NULL, NULL, NULL, NULL),
(211, 211, 'PEREIRA ROMAN ARIEL', NULL, '', 43350, NULL, '0000-00-00', NULL, NULL, '0000-00-00', NULL, NULL, 2, NULL, 1, 'M', NULL, NULL, NULL, NULL, NULL, NULL, NULL, NULL, NULL),
(212, 212, 'QUIROGA MATEO', NULL, '', 43, NULL, '0000-00-00', NULL, NULL, '0000-00-00', NULL, NULL, 2, NULL, 1, 'M', NULL, NULL, NULL, NULL, NULL, NULL, NULL, NULL, NULL),
(213, 213, 'RETAMAR SERGIO AGUSTIN', NULL, '', 43350, NULL, '0000-00-00', NULL, NULL, '0000-00-00', NULL, NULL, 2, NULL, 1, 'M', NULL, NULL, NULL, NULL, NULL, NULL, NULL, NULL, NULL),
(214, 214, 'RIOS LUCAS', NULL, '', 43113, NULL, '0000-00-00', NULL, NULL, '0000-00-00', NULL, NULL, 2, NULL, 1, 'M', NULL, NULL, NULL, NULL, NULL, NULL, NULL, NULL, NULL),
(215, 215, 'MONZON IVAN GERARDO', NULL, '', 42852, NULL, '0000-00-00', NULL, NULL, '0000-00-00', NULL, NULL, 2, NULL, 1, 'M', NULL, NULL, NULL, NULL, NULL, NULL, NULL, NULL, NULL),
(216, 216, 'CABRERA RODRIGO ALEXIS', NULL, '', 44104, NULL, '0000-00-00', NULL, NULL, '0000-00-00', NULL, NULL, 2, NULL, 1, 'M', NULL, NULL, NULL, NULL, NULL, NULL, NULL, NULL, NULL),
(217, 217, 'GOMEZ JUAN FRANSISCO', NULL, '', 44644, NULL, '0000-00-00', NULL, NULL, '0000-00-00', NULL, NULL, 2, NULL, 1, 'M', NULL, NULL, NULL, NULL, NULL, NULL, NULL, NULL, NULL),
(218, 218, 'LENCINA ISAIAS RODRIGO', NULL, '', 44497, NULL, '0000-00-00', NULL, NULL, '0000-00-00', NULL, NULL, 2, NULL, 1, 'M', NULL, NULL, NULL, NULL, NULL, NULL, NULL, NULL, NULL),
(219, 219, 'MONTERO ROSKOFF EMANUEL ESTEBAN', NULL, '', 44034, NULL, '0000-00-00', NULL, NULL, '0000-00-00', NULL, NULL, 2, NULL, 1, 'M', NULL, NULL, NULL, NULL, NULL, NULL, NULL, NULL, NULL),
(220, 220, 'PALACIO  MATEO EDUARDO', NULL, '', 44644, NULL, '0000-00-00', NULL, NULL, '0000-00-00', NULL, NULL, 2, NULL, 1, 'M', NULL, NULL, NULL, NULL, NULL, NULL, NULL, NULL, NULL),
(221, 221, 'RIOS LEANDRO FACUNDO', NULL, '', 43827, NULL, '0000-00-00', NULL, NULL, '0000-00-00', NULL, NULL, 2, NULL, 1, 'M', NULL, NULL, NULL, NULL, NULL, NULL, NULL, NULL, NULL),
(222, 222, 'SILVA FACUNDO AGUSTIN', NULL, '', 43937, NULL, '0000-00-00', NULL, NULL, '0000-00-00', NULL, NULL, 2, NULL, 1, 'M', NULL, NULL, NULL, NULL, NULL, NULL, NULL, NULL, NULL),
(223, 223, 'WALTER GONZALO EXEQUIEL', NULL, '', 44367, NULL, '0000-00-00', NULL, NULL, '0000-00-00', NULL, NULL, 2, NULL, 1, 'M', NULL, NULL, NULL, NULL, NULL, NULL, NULL, NULL, NULL),
(224, 224, 'RAMIREZ RODRIGO', NULL, '', 44034688, NULL, '0000-00-00', NULL, NULL, '0000-00-00', NULL, NULL, 2, NULL, 1, 'M', NULL, NULL, NULL, NULL, NULL, NULL, NULL, NULL, NULL),
(225, 225, 'LEIVA GABRIEL HERNAN', NULL, '', 45255, NULL, '0000-00-00', NULL, NULL, '0000-00-00', NULL, NULL, 2, NULL, 1, 'M', NULL, NULL, NULL, NULL, NULL, NULL, NULL, NULL, NULL),
(226, 226, 'RAMIREZ NAZARENO', NULL, '', 44104, NULL, '0000-00-00', NULL, NULL, '0000-00-00', NULL, NULL, 2, NULL, 1, 'M', NULL, NULL, NULL, NULL, NULL, NULL, NULL, NULL, NULL),
(227, 227, 'AMADO HERNAN VALENTIN', NULL, '', 44862, NULL, '0000-00-00', NULL, NULL, '0000-00-00', NULL, NULL, 2, NULL, 1, 'M', NULL, NULL, NULL, NULL, NULL, NULL, NULL, NULL, NULL),
(228, 228, 'BALBUENA FERNANDO JOSE', NULL, '', 45336, NULL, '0000-00-00', NULL, NULL, '0000-00-00', NULL, NULL, 2, NULL, 1, 'M', NULL, NULL, NULL, NULL, NULL, NULL, NULL, NULL, NULL),
(229, 229, 'BARRETO AGUSTIN ALEJANDRO', NULL, '', 44843, NULL, '0000-00-00', NULL, NULL, '0000-00-00', NULL, NULL, 2, NULL, 1, 'M', NULL, NULL, NULL, NULL, NULL, NULL, NULL, NULL, NULL),
(230, 230, 'BERNHARD LOANA MAGALI', NULL, '', 44862, NULL, '0000-00-00', NULL, NULL, '0000-00-00', NULL, NULL, 2, NULL, 1, 'F', NULL, NULL, NULL, NULL, NULL, NULL, NULL, NULL, NULL),
(231, 231, 'CARRERE VALENTINO AGUSTIN ', NULL, '', 44644, NULL, '0000-00-00', NULL, NULL, '0000-00-00', NULL, NULL, 2, NULL, 1, 'M', NULL, NULL, NULL, NULL, NULL, NULL, NULL, NULL, NULL),
(232, 232, 'ESPINOSA FELIPE DARIO', NULL, '', 44903, NULL, '0000-00-00', NULL, NULL, '0000-00-00', NULL, NULL, 2, NULL, 1, 'M', NULL, NULL, NULL, NULL, NULL, NULL, NULL, NULL, NULL),
(233, 233, 'FRANCO FERNANDO EXEQUIEL', NULL, '', 44843, NULL, '0000-00-00', NULL, NULL, '0000-00-00', NULL, NULL, 2, NULL, 1, 'M', NULL, NULL, NULL, NULL, NULL, NULL, NULL, NULL, NULL),
(234, 234, 'GOETTIG AGUSTIN', NULL, '', 45337, NULL, '0000-00-00', NULL, NULL, '0000-00-00', NULL, NULL, 2, NULL, 1, 'M', NULL, NULL, NULL, NULL, NULL, NULL, NULL, NULL, NULL),
(235, 235, 'GUTIERREZ NAHUEL', NULL, '', 44843, NULL, '0000-00-00', NULL, NULL, '0000-00-00', NULL, NULL, 2, NULL, 1, 'M', NULL, NULL, NULL, NULL, NULL, NULL, NULL, NULL, NULL),
(236, 236, 'LEDESMA MARTIN ', NULL, '', 45167, NULL, '0000-00-00', NULL, NULL, '0000-00-00', NULL, NULL, 2, NULL, 1, 'M', NULL, NULL, NULL, NULL, NULL, NULL, NULL, NULL, NULL),
(237, 237, 'MAYER JOAN JOEL JESUS', NULL, '', 45387, NULL, '0000-00-00', NULL, NULL, '0000-00-00', NULL, NULL, 2, NULL, 1, 'M', NULL, NULL, NULL, NULL, NULL, NULL, NULL, NULL, NULL),
(238, 238, 'MEIR PABLO GABRIEL', NULL, '', 44763, NULL, '0000-00-00', NULL, NULL, '0000-00-00', NULL, NULL, 2, NULL, 1, 'M', NULL, NULL, NULL, NULL, NULL, NULL, NULL, NULL, NULL),
(239, 239, 'MERLO EDUARDO EMANUEL', NULL, '', 44843, NULL, '0000-00-00', NULL, NULL, '0000-00-00', NULL, NULL, 2, NULL, 1, 'M', NULL, NULL, NULL, NULL, NULL, NULL, NULL, NULL, NULL),
(240, 240, 'PEREZ VLADIMIR YONATAN SANTIAGO', NULL, '', 45167, NULL, '0000-00-00', NULL, NULL, '0000-00-00', NULL, NULL, 2, NULL, 1, 'M', NULL, NULL, NULL, NULL, NULL, NULL, NULL, NULL, NULL),
(241, 241, 'RETAMAR MILTON JOSÉ', NULL, '', 45387, NULL, '0000-00-00', NULL, NULL, '0000-00-00', NULL, NULL, 2, NULL, 1, 'M', NULL, NULL, NULL, NULL, NULL, NULL, NULL, NULL, NULL),
(242, 242, 'SALINAS HERRERA AXEL NICOLAS ALEJANDRO', NULL, '', 45167, NULL, '0000-00-00', NULL, NULL, '0000-00-00', NULL, NULL, 2, NULL, 1, 'M', NULL, NULL, NULL, NULL, NULL, NULL, NULL, NULL, NULL),
(243, 243, 'TORNE RENZO MARIANO', NULL, '', 44843, NULL, '0000-00-00', NULL, NULL, '0000-00-00', NULL, NULL, 2, NULL, 1, 'M', NULL, NULL, NULL, NULL, NULL, NULL, NULL, NULL, NULL),
(244, 244, 'VELAZQUEZ FEDERICO RUBEN', NULL, '', 44644, NULL, '0000-00-00', NULL, NULL, '0000-00-00', NULL, NULL, 2, NULL, 1, 'M', NULL, NULL, NULL, NULL, NULL, NULL, NULL, NULL, NULL),
(245, 245, 'ARRELLANO JESUS', NULL, '', 45847, NULL, '0000-00-00', NULL, NULL, '0000-00-00', NULL, NULL, 2, NULL, 1, 'M', NULL, NULL, NULL, NULL, NULL, NULL, NULL, NULL, NULL),
(246, 246, 'BERGARA JONATHAN EZEQUIEL', NULL, '', 45847, NULL, '0000-00-00', NULL, NULL, '0000-00-00', NULL, NULL, 2, NULL, 1, 'M', NULL, NULL, NULL, NULL, NULL, NULL, NULL, NULL, NULL),
(247, 247, 'CAMEJO EMILIANO MISAEL ', NULL, '', 46319, NULL, '0000-00-00', NULL, NULL, '0000-00-00', NULL, NULL, 2, NULL, 1, 'M', NULL, NULL, NULL, NULL, NULL, NULL, NULL, NULL, NULL),
(248, 248, 'COMAS JACOB LUCAS', NULL, '', 45946, NULL, '0000-00-00', NULL, NULL, '0000-00-00', NULL, NULL, 2, NULL, 1, 'M', NULL, NULL, NULL, NULL, NULL, NULL, NULL, NULL, NULL),
(249, 249, 'DEHARBE DONDA ENZO GABRIEL', NULL, '', 45552, NULL, '0000-00-00', NULL, NULL, '0000-00-00', NULL, NULL, 2, NULL, 1, 'M', NULL, NULL, NULL, NULL, NULL, NULL, NULL, NULL, NULL),
(250, 250, 'MESSEDER SCHMUNK IAN AYRTON NICOLAS', NULL, '', 46082, NULL, '0000-00-00', NULL, NULL, '0000-00-00', NULL, NULL, 2, NULL, 1, 'M', NULL, NULL, NULL, NULL, NULL, NULL, NULL, NULL, NULL),
(251, 251, 'MONZON EMANUEL', NULL, '', 45617, NULL, '0000-00-00', NULL, NULL, '0000-00-00', NULL, NULL, 2, NULL, 1, 'M', NULL, NULL, NULL, NULL, NULL, NULL, NULL, NULL, NULL),
(252, 252, 'PROSS JOAQUIN', NULL, '', 46150, NULL, '0000-00-00', NULL, NULL, '0000-00-00', NULL, NULL, 2, NULL, 1, 'M', NULL, NULL, NULL, NULL, NULL, NULL, NULL, NULL, NULL),
(253, 253, 'PUNTIN MATIAS AXEL', NULL, '', 45845, NULL, '0000-00-00', NULL, NULL, '0000-00-00', NULL, NULL, 2, NULL, 1, 'M', NULL, NULL, NULL, NULL, NULL, NULL, NULL, NULL, NULL),
(254, 254, 'RAPISARDA ALEJO RUBEN IGNACIO', NULL, '', 46150, NULL, '0000-00-00', NULL, NULL, '0000-00-00', NULL, NULL, 2, NULL, 1, 'M', NULL, NULL, NULL, NULL, NULL, NULL, NULL, NULL, NULL),
(255, 255, 'RETAMAR MARCOS SEBASTIAN', NULL, '', 45846, NULL, '0000-00-00', NULL, NULL, '0000-00-00', NULL, NULL, 2, NULL, 1, 'M', NULL, NULL, NULL, NULL, NULL, NULL, NULL, NULL, NULL),
(256, 256, 'ROMERO FERNANDEZ AARON', NULL, '', 46319, NULL, '0000-00-00', NULL, NULL, '0000-00-00', NULL, NULL, 2, NULL, 1, 'M', NULL, NULL, NULL, NULL, NULL, NULL, NULL, NULL, NULL),
(257, 257, 'PORTIILLO FACUNADO', NULL, '', 45948, NULL, '0000-00-00', NULL, NULL, '0000-00-00', NULL, NULL, 2, NULL, 1, 'M', NULL, NULL, NULL, NULL, NULL, NULL, NULL, NULL, NULL),
(258, 258, 'BERGARA LAUTARO JESUS DAMIAN', NULL, '', 46779, NULL, '0000-00-00', NULL, NULL, '0000-00-00', NULL, NULL, 2, NULL, 1, 'M', NULL, NULL, NULL, NULL, NULL, NULL, NULL, NULL, NULL),
(259, 259, 'CEPARO FRANCISCO DANIEL', NULL, '', 46319, NULL, '0000-00-00', NULL, NULL, '0000-00-00', NULL, NULL, 2, NULL, 1, 'M', NULL, NULL, NULL, NULL, NULL, NULL, NULL, NULL, NULL),
(260, 260, 'DUCRET MARCOS HERNAN', NULL, '', 46927, NULL, '0000-00-00', NULL, NULL, '0000-00-00', NULL, NULL, 2, NULL, 1, 'M', NULL, NULL, NULL, NULL, NULL, NULL, NULL, NULL, NULL),
(261, 261, 'DURO IVAN LEONEL', NULL, '', 46466, NULL, '0000-00-00', NULL, NULL, '0000-00-00', NULL, NULL, 2, NULL, 1, 'M', NULL, NULL, NULL, NULL, NULL, NULL, NULL, NULL, NULL),
(262, 262, 'GILES CRISTIAN ALEXIS', NULL, '', 46466, NULL, '0000-00-00', NULL, NULL, '0000-00-00', NULL, NULL, 2, NULL, 1, 'M', NULL, NULL, NULL, NULL, NULL, NULL, NULL, NULL, NULL),
(263, 263, 'LEGUIZAMON ALEXIS EXEQUIEL', NULL, '', 46466, NULL, '0000-00-00', NULL, NULL, '0000-00-00', NULL, NULL, 2, NULL, 1, 'M', NULL, NULL, NULL, NULL, NULL, NULL, NULL, NULL, NULL),
(264, 264, 'MACIEL PEREZ LAUREANO', NULL, '', 46318, NULL, '0000-00-00', NULL, NULL, '0000-00-00', NULL, NULL, 2, NULL, 1, 'M', NULL, NULL, NULL, NULL, NULL, NULL, NULL, NULL, NULL),
(265, 265, 'MULLER LUCAS EMANUEL', NULL, '', 46779, NULL, '0000-00-00', NULL, NULL, '0000-00-00', NULL, NULL, 2, NULL, 1, 'M', NULL, NULL, NULL, NULL, NULL, NULL, NULL, NULL, NULL),
(266, 266, 'NANI TOBIAS AGUSTIN', NULL, '', 46083, NULL, '0000-00-00', NULL, NULL, '0000-00-00', NULL, NULL, 2, NULL, 1, 'M', NULL, NULL, NULL, NULL, NULL, NULL, NULL, NULL, NULL),
(267, 267, 'NOIR MARTIN', NULL, '', 46466, NULL, '0000-00-00', NULL, NULL, '0000-00-00', NULL, NULL, 2, NULL, 1, 'M', NULL, NULL, NULL, NULL, NULL, NULL, NULL, NULL, NULL),
(268, 268, 'PEREIRA AXEL JOSÉ', NULL, '', 46082, NULL, '0000-00-00', NULL, NULL, '0000-00-00', NULL, NULL, 2, NULL, 1, 'M', NULL, NULL, NULL, NULL, NULL, NULL, NULL, NULL, NULL),
(269, 269, 'QUIÑONES FACUNDO JAVIER', NULL, '', 46519, NULL, '0000-00-00', NULL, NULL, '0000-00-00', NULL, NULL, 2, NULL, 1, 'M', NULL, NULL, NULL, NULL, NULL, NULL, NULL, NULL, NULL),
(270, 270, 'RAMIREZ CESAR LUIS MIGUEL', NULL, '', 46466, NULL, '0000-00-00', NULL, NULL, '0000-00-00', NULL, NULL, 2, NULL, 1, 'M', NULL, NULL, NULL, NULL, NULL, NULL, NULL, NULL, NULL),
(271, 271, 'SILVA GABRIEL ALEJANDRO', NULL, '', 46466, NULL, '0000-00-00', NULL, NULL, '0000-00-00', NULL, NULL, 2, NULL, 1, 'M', NULL, NULL, NULL, NULL, NULL, NULL, NULL, NULL, NULL),
(272, 272, 'FERNANDEZ JUAN', NULL, '', 46779, NULL, '0000-00-00', NULL, NULL, '0000-00-00', NULL, NULL, 2, NULL, 1, 'M', NULL, NULL, NULL, NULL, NULL, NULL, NULL, NULL, NULL),
(273, 273, 'ARELLANO IVAN', NULL, '', 47327, NULL, '0000-00-00', NULL, NULL, '0000-00-00', NULL, NULL, 2, NULL, 1, 'M', NULL, NULL, NULL, NULL, NULL, NULL, NULL, NULL, NULL),
(274, 274, 'BANNO CRISTOVAL GIOBANI', NULL, '', 47623, NULL, '0000-00-00', NULL, NULL, '0000-00-00', NULL, NULL, 2, NULL, 1, 'M', NULL, NULL, NULL, NULL, NULL, NULL, NULL, NULL, NULL),
(275, 275, 'BASSO NICOLAS AGUSTIN ', NULL, '', 47522, NULL, '0000-00-00', NULL, NULL, '0000-00-00', NULL, NULL, 2, NULL, 1, 'M', NULL, NULL, NULL, NULL, NULL, NULL, NULL, NULL, NULL),
(276, 276, 'FERREIRA VALENTIN ', NULL, '', 47409, NULL, '0000-00-00', NULL, NULL, '0000-00-00', NULL, NULL, 2, NULL, 1, 'M', NULL, NULL, NULL, NULL, NULL, NULL, NULL, NULL, NULL),
(277, 277, 'FLEMATTI DYLAN IVAN', NULL, '', 46976, NULL, '0000-00-00', NULL, NULL, '0000-00-00', NULL, NULL, 2, NULL, 1, 'M', NULL, NULL, NULL, NULL, NULL, NULL, NULL, NULL, NULL),
(278, 278, 'GOMEZ SAMUEL GUSTAVO ISAIAS', NULL, '', 46592, NULL, '0000-00-00', NULL, NULL, '0000-00-00', NULL, NULL, 2, NULL, 1, 'M', NULL, NULL, NULL, NULL, NULL, NULL, NULL, NULL, NULL);
INSERT INTO `socio` (`id`, `matricula`, `apellido_nombre`, `cp`, `direccion`, `dni`, `email`, `fecha_alta`, `fecha_baja`, `obs`, `fecha_nacimiento`, `nombre_foto`, `id_categoria_social`, `id_ciudad`, `id_cobrador`, `id_provincia`, `sexo`, `telefono`, `telefono2`, `grupo_sanguineo`, `antecedentes_medicos`, `sanciones`, `tutor_nombre`, `tutor_dni`, `tutor_fn`, `tutor_tel`) VALUES
(279, 279, 'LOPEZ MILTON ERNESTO', NULL, '', 47175, NULL, '0000-00-00', NULL, NULL, '0000-00-00', NULL, NULL, 2, NULL, 1, 'M', NULL, NULL, NULL, NULL, NULL, NULL, NULL, NULL, NULL),
(280, 280, 'LOPEZ SANTIAGO VALENTIN', NULL, '', 47408, NULL, '0000-00-00', NULL, NULL, '0000-00-00', NULL, NULL, 2, NULL, 1, 'M', NULL, NULL, NULL, NULL, NULL, NULL, NULL, NULL, NULL),
(281, 281, 'MONZON MARTIN LEONEL', NULL, '', 47410, NULL, '0000-00-00', NULL, NULL, '0000-00-00', NULL, NULL, 2, NULL, 1, 'M', NULL, NULL, NULL, NULL, NULL, NULL, NULL, NULL, NULL),
(282, 282, 'OLIVERA SOLIZ MIRKO LIONEL', NULL, '', 47526, NULL, '0000-00-00', NULL, NULL, '0000-00-00', NULL, NULL, 2, NULL, 1, 'M', NULL, NULL, NULL, NULL, NULL, NULL, NULL, NULL, NULL),
(283, 283, 'PISECH FRANCHESCON JULIAN SAN', NULL, '', 46779, NULL, '0000-00-00', NULL, NULL, '0000-00-00', NULL, NULL, 2, NULL, 1, 'M', NULL, NULL, NULL, NULL, NULL, NULL, NULL, NULL, NULL),
(284, 284, 'SANCHES AGUIRRE JULIAN PEDRO', NULL, '', 47175, NULL, '0000-00-00', NULL, NULL, '0000-00-00', NULL, NULL, 2, NULL, 1, 'M', NULL, NULL, NULL, NULL, NULL, NULL, NULL, NULL, NULL),
(285, 285, 'SCHALPETER TOBIAS', NULL, '', 47705, NULL, '0000-00-00', NULL, NULL, '0000-00-00', NULL, NULL, 2, NULL, 1, 'M', NULL, NULL, NULL, NULL, NULL, NULL, NULL, NULL, NULL),
(286, 286, 'TOMASINI MAXIMO ', NULL, '', 47244, NULL, '0000-00-00', NULL, NULL, '0000-00-00', NULL, NULL, 2, NULL, 1, 'M', NULL, NULL, NULL, NULL, NULL, NULL, NULL, NULL, NULL),
(287, 287, 'ALMADA ZAHIR', NULL, '', 47705, NULL, '0000-00-00', NULL, NULL, '0000-00-00', NULL, NULL, 2, NULL, 1, 'M', NULL, NULL, NULL, NULL, NULL, NULL, NULL, NULL, NULL),
(288, 288, 'BERGARA PEREIRA TADEO JUAN MANUEL ', NULL, '', 47705, NULL, '0000-00-00', NULL, NULL, '0000-00-00', NULL, NULL, 2, NULL, 1, 'M', NULL, NULL, NULL, NULL, NULL, NULL, NULL, NULL, NULL),
(289, 289, 'BERNARD IGNACIO GENARDO', NULL, '', 48202, NULL, '0000-00-00', NULL, NULL, '0000-00-00', NULL, NULL, 2, NULL, 1, 'M', NULL, NULL, NULL, NULL, NULL, NULL, NULL, NULL, NULL),
(290, 290, 'CABRERA MAXIMO RUBEN', NULL, '', 48141, NULL, '0000-00-00', NULL, NULL, '0000-00-00', NULL, NULL, 2, NULL, 1, 'M', NULL, NULL, NULL, NULL, NULL, NULL, NULL, NULL, NULL),
(291, 291, 'CEJAS PABLO BENICIO', NULL, '', 47982, NULL, '0000-00-00', NULL, NULL, '0000-00-00', NULL, NULL, 2, NULL, 1, 'M', NULL, NULL, NULL, NULL, NULL, NULL, NULL, NULL, NULL),
(292, 292, 'DABIN FRANCISCO', NULL, '', 48138, NULL, '0000-00-00', NULL, NULL, '0000-00-00', NULL, NULL, 2, NULL, 1, 'M', NULL, NULL, NULL, NULL, NULL, NULL, NULL, NULL, NULL),
(293, 293, 'DURO LAUTARO JOSE', NULL, '', 47705, NULL, '0000-00-00', NULL, NULL, '0000-00-00', NULL, NULL, 2, NULL, 1, 'M', NULL, NULL, NULL, NULL, NULL, NULL, NULL, NULL, NULL),
(294, 294, 'GODOY BERLARI PILAR ANGELINA', NULL, '', 47982, NULL, '0000-00-00', NULL, NULL, '0000-00-00', NULL, NULL, 2, NULL, 1, 'F', NULL, NULL, NULL, NULL, NULL, NULL, NULL, NULL, NULL),
(295, 295, 'PORTILLO XAVIER HUGO GADIEL', NULL, '', 47705, NULL, '0000-00-00', NULL, NULL, '0000-00-00', NULL, NULL, 2, NULL, 1, 'M', NULL, NULL, NULL, NULL, NULL, NULL, NULL, NULL, NULL),
(296, 296, 'RETAMAR LEONEL EMILIANO', NULL, '', 47705, NULL, '0000-00-00', NULL, NULL, '0000-00-00', NULL, NULL, 2, NULL, 1, 'M', NULL, NULL, NULL, NULL, NULL, NULL, NULL, NULL, NULL),
(297, 297, 'RETAMAR PABLO NICOLAS', NULL, '', 47844, NULL, '0000-00-00', NULL, NULL, '0000-00-00', NULL, NULL, 2, NULL, 1, 'M', NULL, NULL, NULL, NULL, NULL, NULL, NULL, NULL, NULL),
(298, 298, 'RIVERO MAXIMO GABRIEL', NULL, '', 48202, NULL, '0000-00-00', NULL, NULL, '0000-00-00', NULL, NULL, 2, NULL, 1, 'M', NULL, NULL, NULL, NULL, NULL, NULL, NULL, NULL, NULL),
(299, 299, 'ROMAN DENIS LEONARDO MATEO', NULL, '', 48264, NULL, '0000-00-00', NULL, NULL, '0000-00-00', NULL, NULL, 2, NULL, 1, 'M', NULL, NULL, NULL, NULL, NULL, NULL, NULL, NULL, NULL),
(300, 300, 'SEGOVIA CRISTIAN EXEQUIEL', NULL, '', 48337, NULL, '0000-00-00', NULL, NULL, '0000-00-00', NULL, NULL, 2, NULL, 1, 'M', NULL, NULL, NULL, NULL, NULL, NULL, NULL, NULL, NULL),
(301, 301, 'DUMON EMILIANO TOMAS', NULL, '', 48960, NULL, '0000-00-00', NULL, NULL, '0000-00-00', NULL, NULL, 2, NULL, 1, 'M', NULL, NULL, NULL, NULL, NULL, NULL, NULL, NULL, NULL),
(302, 302, 'ERBES AMILCAR', NULL, '', 48202, NULL, '0000-00-00', NULL, NULL, '0000-00-00', NULL, NULL, 2, NULL, 1, 'M', NULL, NULL, NULL, NULL, NULL, NULL, NULL, NULL, NULL),
(303, 303, 'GARZON STANG VLADIMIR', NULL, '', 48823, NULL, '0000-00-00', NULL, NULL, '0000-00-00', NULL, NULL, 2, NULL, 1, 'M', NULL, NULL, NULL, NULL, NULL, NULL, NULL, NULL, NULL),
(304, 304, 'GODOY CATRIEL BAUTISTA ', NULL, '', 48477, NULL, '0000-00-00', NULL, NULL, '0000-00-00', NULL, NULL, 2, NULL, 1, 'M', NULL, NULL, NULL, NULL, NULL, NULL, NULL, NULL, NULL),
(305, 305, 'HENGENREDER AXEL ELIAS', NULL, '', 48402, NULL, '0000-00-00', NULL, NULL, '0000-00-00', NULL, NULL, 2, NULL, 1, 'M', NULL, NULL, NULL, NULL, NULL, NULL, NULL, NULL, NULL),
(306, 306, 'HILLAIRET LUCAS EMANUEL', NULL, '', 48202, NULL, '0000-00-00', NULL, NULL, '0000-00-00', NULL, NULL, 2, NULL, 1, 'M', NULL, NULL, NULL, NULL, NULL, NULL, NULL, NULL, NULL),
(307, 307, 'MAIDANA AGUSTIN', NULL, '', 48824, NULL, '0000-00-00', NULL, NULL, '0000-00-00', NULL, NULL, 2, NULL, 1, 'M', NULL, NULL, NULL, NULL, NULL, NULL, NULL, NULL, NULL),
(308, 308, 'MENDOZA VALENTINO', NULL, '', 48906, NULL, '0000-00-00', NULL, NULL, '0000-00-00', NULL, NULL, 2, NULL, 1, 'M', NULL, NULL, NULL, NULL, NULL, NULL, NULL, NULL, NULL),
(309, 309, 'PAEZ FACUNDO JESUS', NULL, '', 48621, NULL, '0000-00-00', NULL, NULL, '0000-00-00', NULL, NULL, 2, NULL, 1, 'M', NULL, NULL, NULL, NULL, NULL, NULL, NULL, NULL, NULL),
(310, 310, 'PORTILLO BRAITON', NULL, '', 48623, NULL, '0000-00-00', NULL, NULL, '0000-00-00', NULL, NULL, 2, NULL, 1, 'M', NULL, NULL, NULL, NULL, NULL, NULL, NULL, NULL, NULL),
(311, 311, 'SOSA GERONIMO BENJAMIN', NULL, '', 48202, NULL, '0000-00-00', NULL, NULL, '0000-00-00', NULL, NULL, 2, NULL, 1, 'M', NULL, NULL, NULL, NULL, NULL, NULL, NULL, NULL, NULL),
(312, 312, 'VILTE FRANCO BENJAMIN', NULL, '', 48409, NULL, '0000-00-00', NULL, NULL, '0000-00-00', NULL, NULL, 2, NULL, 1, 'M', NULL, NULL, NULL, NULL, NULL, NULL, NULL, NULL, NULL),
(313, 313, 'CHIMENTO SANTA MARIA  ISAI', NULL, '', 49, NULL, '0000-00-00', NULL, NULL, '0000-00-00', NULL, NULL, 2, NULL, 1, 'M', NULL, NULL, NULL, NULL, NULL, NULL, NULL, NULL, NULL),
(314, 314, 'MOREYRA MISAEL LEONEL', NULL, '', 49512, NULL, '0000-00-00', NULL, NULL, '0000-00-00', NULL, NULL, 2, NULL, 1, 'M', NULL, NULL, NULL, NULL, NULL, NULL, NULL, NULL, NULL),
(315, 315, 'RODRIGUEZ GAEL', NULL, '', 49334, NULL, '0000-00-00', NULL, NULL, '0000-00-00', NULL, NULL, 2, NULL, 1, 'M', NULL, NULL, NULL, NULL, NULL, NULL, NULL, NULL, NULL),
(316, 316, 'TARABINI AMILCAR', NULL, '', 49296, NULL, '0000-00-00', NULL, NULL, '0000-00-00', NULL, NULL, 2, NULL, 1, 'M', NULL, NULL, NULL, NULL, NULL, NULL, NULL, NULL, NULL),
(317, 317, 'VICENTIN NEHEMIAS', NULL, '', 49512, NULL, '0000-00-00', NULL, NULL, '0000-00-00', NULL, NULL, 2, NULL, 1, 'M', NULL, NULL, NULL, NULL, NULL, NULL, NULL, NULL, NULL),
(318, 318, 'DAVID LAUTORO ISAIAS', NULL, '', 50072, NULL, '0000-00-00', NULL, NULL, '0000-00-00', NULL, NULL, 2, NULL, 1, 'M', NULL, NULL, NULL, NULL, NULL, NULL, NULL, NULL, NULL),
(319, 319, 'FANONI JOAQUIN HERNAN', NULL, '', 49819, NULL, '0000-00-00', NULL, NULL, '0000-00-00', NULL, NULL, 2, NULL, 1, 'M', NULL, NULL, NULL, NULL, NULL, NULL, NULL, NULL, NULL),
(320, 320, 'FONTANA BAUTISTA JOAQUIN', NULL, '', 51191, NULL, '0000-00-00', NULL, NULL, '0000-00-00', NULL, NULL, 2, NULL, 1, 'M', NULL, NULL, NULL, NULL, NULL, NULL, NULL, NULL, NULL),
(321, 321, 'GODOY BERLARI MATEO VALENTIN', NULL, '', 49792, NULL, '0000-00-00', NULL, NULL, '0000-00-00', NULL, NULL, 2, NULL, 1, 'M', NULL, NULL, NULL, NULL, NULL, NULL, NULL, NULL, NULL),
(322, 322, 'LOPEZ FRANCISCO JOEL', NULL, '', 49792, NULL, '0000-00-00', NULL, NULL, '0000-00-00', NULL, NULL, 2, NULL, 1, 'M', NULL, NULL, NULL, NULL, NULL, NULL, NULL, NULL, NULL),
(323, 323, 'MENDOZA BENJAMIN NEHUEN', NULL, '', 50619, NULL, '0000-00-00', NULL, NULL, '0000-00-00', NULL, NULL, 2, NULL, 1, 'M', NULL, NULL, NULL, NULL, NULL, NULL, NULL, NULL, NULL),
(324, 324, 'MUJICA SAURET VALENTIN', NULL, '', 50382, NULL, '0000-00-00', NULL, NULL, '0000-00-00', NULL, NULL, 2, NULL, 1, 'M', NULL, NULL, NULL, NULL, NULL, NULL, NULL, NULL, NULL),
(325, 325, 'RAMOS SANTINO BENJAMIN', NULL, '', 50927, NULL, '0000-00-00', NULL, NULL, '0000-00-00', NULL, NULL, 2, NULL, 1, 'M', NULL, NULL, NULL, NULL, NULL, NULL, NULL, NULL, NULL),
(326, 326, 'TORNE GERONIMO NAILIB', NULL, '', 50732, NULL, '0000-00-00', NULL, NULL, '0000-00-00', NULL, NULL, 2, NULL, 1, 'M', NULL, NULL, NULL, NULL, NULL, NULL, NULL, NULL, NULL),
(327, 327, 'FERNANDEZ RODRIGO', NULL, '', 49792, NULL, '0000-00-00', NULL, NULL, '0000-00-00', NULL, NULL, 2, NULL, 1, 'M', NULL, NULL, NULL, NULL, NULL, NULL, NULL, NULL, NULL);

-- --------------------------------------------------------

--
-- Estructura de tabla para la tabla `socio_debito`
--

CREATE TABLE IF NOT EXISTS `socio_debito` (
  `id` int(11) NOT NULL,
  `id_socio` int(11) NOT NULL,
  `id_debito` int(11) NOT NULL
) ENGINE=InnoDB AUTO_INCREMENT=9 DEFAULT CHARSET=latin1;

--
-- Volcado de datos para la tabla `socio_debito`
--

INSERT INTO `socio_debito` (`id`, `id_socio`, `id_debito`) VALUES
(5, 1, 19),
(6, 1, 20),
(7, 2, 19),
(8, 2, 20);

-- --------------------------------------------------------

--
-- Estructura de tabla para la tabla `subcuenta`
--

CREATE TABLE IF NOT EXISTS `subcuenta` (
  `id` int(11) NOT NULL,
  `id_cuenta` char(15) NOT NULL,
  `codigo` char(15) DEFAULT NULL,
  `concepto` varchar(60) NOT NULL,
  `nsubcuenta` varchar(40) DEFAULT NULL
) ENGINE=InnoDB AUTO_INCREMENT=50 DEFAULT CHARSET=latin1;

--
-- Volcado de datos para la tabla `subcuenta`
--

INSERT INTO `subcuenta` (`id`, `id_cuenta`, `codigo`, `concepto`, `nsubcuenta`) VALUES
(1, '1', '1.1', 'Activo Corriente', '3-4-12-20-43-44'),
(2, '1', '1.2', 'Activo no Corriente', '45-46-47-48-49'),
(3, '0', '1.1.1', 'Caja', NULL),
(4, '0', '1.1.2', 'Efectivo', NULL),
(12, '0', '1.1.3', 'Cheque', '30-31'),
(30, '0', '1.1.3.1', 'Cheque Propio', NULL),
(31, '0', '1.1.3.2', 'Cheque de Tercero', '32'),
(32, '0', '1.1.3.2.1', 'prueba', NULL),
(33, '4', '4.1', 'Resultado Positivo', '35-36'),
(34, '4', '4.2', 'Resultado Negativo', '39-40'),
(35, '0', '4.1.1', 'Cuota Societaria', '37-38'),
(36, '0', '4.1.2', 'Cuota Deportiva', '41-42'),
(37, '0', '4.1.1.1', 'Cuota Socio Vitalicio', NULL),
(38, '0', '4.1.1.2', 'Cuota Activo', NULL),
(39, '0', '4.2.1', 'Alquileres', NULL),
(40, '0', '4.2.2', 'Gastos Varios', NULL),
(41, '0', '4.1.2.1', 'CD Futbol Mayor', NULL),
(42, '0', '4.1.2.2', 'CD Voley', NULL),
(44, '0', '1.1.4', 'Cheque Banco', NULL),
(46, '0', '1.2.2', 'Prueba 2', NULL),
(48, '0', '1.2.3', 'prueba 3', NULL),
(49, '0', '1.2.1', 'prueba 1', NULL);

-- --------------------------------------------------------

--
-- Estructura de tabla para la tabla `user`
--

CREATE TABLE IF NOT EXISTS `user` (
  `id` int(11) NOT NULL,
  `username` varchar(45) NOT NULL,
  `password` varchar(45) NOT NULL,
  `auth_key` varchar(32) DEFAULT NULL,
  `password_reset_token` varchar(255) DEFAULT NULL,
  `rol_id` int(11) NOT NULL
) ENGINE=InnoDB AUTO_INCREMENT=3 DEFAULT CHARSET=latin1;

--
-- Volcado de datos para la tabla `user`
--

INSERT INTO `user` (`id`, `username`, `password`, `auth_key`, `password_reset_token`, `rol_id`) VALUES
(1, 'gabriel', '7c4a8d09ca3762af61e59520943dc26494f8941b', NULL, NULL, 1),
(2, 'rene', '7c4a8d09ca3762af61e59520943dc26494f8941b', NULL, NULL, 2);

--
-- Índices para tablas volcadas
--

--
-- Indices de la tabla `asistencia`
--
ALTER TABLE `asistencia`
  ADD PRIMARY KEY (`id`);

--
-- Indices de la tabla `categoria_social`
--
ALTER TABLE `categoria_social`
  ADD PRIMARY KEY (`id`);

--
-- Indices de la tabla `ciudad`
--
ALTER TABLE `ciudad`
  ADD PRIMARY KEY (`id`);

--
-- Indices de la tabla `cobrador`
--
ALTER TABLE `cobrador`
  ADD PRIMARY KEY (`id`);

--
-- Indices de la tabla `cuenta`
--
ALTER TABLE `cuenta`
  ADD PRIMARY KEY (`id`);

--
-- Indices de la tabla `debito`
--
ALTER TABLE `debito`
  ADD PRIMARY KEY (`id`);

--
-- Indices de la tabla `estado_cuenta`
--
ALTER TABLE `estado_cuenta`
  ADD PRIMARY KEY (`id`);

--
-- Indices de la tabla `movimiento`
--
ALTER TABLE `movimiento`
  ADD PRIMARY KEY (`id`);

--
-- Indices de la tabla `movimiento_detalle`
--
ALTER TABLE `movimiento_detalle`
  ADD PRIMARY KEY (`id`);

--
-- Indices de la tabla `operacion`
--
ALTER TABLE `operacion`
  ADD PRIMARY KEY (`id`);

--
-- Indices de la tabla `proveedor`
--
ALTER TABLE `proveedor`
  ADD PRIMARY KEY (`id`);

--
-- Indices de la tabla `provincia`
--
ALTER TABLE `provincia`
  ADD PRIMARY KEY (`id`);

--
-- Indices de la tabla `recibo`
--
ALTER TABLE `recibo`
  ADD PRIMARY KEY (`id`);

--
-- Indices de la tabla `rol`
--
ALTER TABLE `rol`
  ADD PRIMARY KEY (`id`);

--
-- Indices de la tabla `rol_operacion`
--
ALTER TABLE `rol_operacion`
  ADD PRIMARY KEY (`rol_id`,`operacion_id`);

--
-- Indices de la tabla `socio`
--
ALTER TABLE `socio`
  ADD PRIMARY KEY (`id`),
  ADD UNIQUE KEY `matricula_2` (`matricula`),
  ADD KEY `matricula` (`matricula`);

--
-- Indices de la tabla `socio_debito`
--
ALTER TABLE `socio_debito`
  ADD PRIMARY KEY (`id`);

--
-- Indices de la tabla `subcuenta`
--
ALTER TABLE `subcuenta`
  ADD PRIMARY KEY (`id`);

--
-- Indices de la tabla `user`
--
ALTER TABLE `user`
  ADD PRIMARY KEY (`id`);

--
-- AUTO_INCREMENT de las tablas volcadas
--

--
-- AUTO_INCREMENT de la tabla `asistencia`
--
ALTER TABLE `asistencia`
  MODIFY `id` int(11) NOT NULL AUTO_INCREMENT;
--
-- AUTO_INCREMENT de la tabla `categoria_social`
--
ALTER TABLE `categoria_social`
  MODIFY `id` int(11) NOT NULL AUTO_INCREMENT,AUTO_INCREMENT=4;
--
-- AUTO_INCREMENT de la tabla `ciudad`
--
ALTER TABLE `ciudad`
  MODIFY `id` int(11) NOT NULL AUTO_INCREMENT,AUTO_INCREMENT=6;
--
-- AUTO_INCREMENT de la tabla `cobrador`
--
ALTER TABLE `cobrador`
  MODIFY `id` int(11) NOT NULL AUTO_INCREMENT,AUTO_INCREMENT=4;
--
-- AUTO_INCREMENT de la tabla `cuenta`
--
ALTER TABLE `cuenta`
  MODIFY `id` int(11) NOT NULL AUTO_INCREMENT,AUTO_INCREMENT=5;
--
-- AUTO_INCREMENT de la tabla `debito`
--
ALTER TABLE `debito`
  MODIFY `id` int(11) NOT NULL AUTO_INCREMENT,AUTO_INCREMENT=22;
--
-- AUTO_INCREMENT de la tabla `estado_cuenta`
--
ALTER TABLE `estado_cuenta`
  MODIFY `id` int(11) NOT NULL AUTO_INCREMENT;
--
-- AUTO_INCREMENT de la tabla `movimiento`
--
ALTER TABLE `movimiento`
  MODIFY `id` int(11) NOT NULL AUTO_INCREMENT,AUTO_INCREMENT=6;
--
-- AUTO_INCREMENT de la tabla `movimiento_detalle`
--
ALTER TABLE `movimiento_detalle`
  MODIFY `id` int(11) NOT NULL AUTO_INCREMENT,AUTO_INCREMENT=10;
--
-- AUTO_INCREMENT de la tabla `operacion`
--
ALTER TABLE `operacion`
  MODIFY `id` int(11) NOT NULL AUTO_INCREMENT,AUTO_INCREMENT=11;
--
-- AUTO_INCREMENT de la tabla `proveedor`
--
ALTER TABLE `proveedor`
  MODIFY `id` int(11) NOT NULL AUTO_INCREMENT,AUTO_INCREMENT=3;
--
-- AUTO_INCREMENT de la tabla `provincia`
--
ALTER TABLE `provincia`
  MODIFY `id` int(11) NOT NULL AUTO_INCREMENT,AUTO_INCREMENT=3;
--
-- AUTO_INCREMENT de la tabla `recibo`
--
ALTER TABLE `recibo`
  MODIFY `id` int(11) NOT NULL AUTO_INCREMENT,AUTO_INCREMENT=2;
--
-- AUTO_INCREMENT de la tabla `rol`
--
ALTER TABLE `rol`
  MODIFY `id` int(11) NOT NULL AUTO_INCREMENT,AUTO_INCREMENT=3;
--
-- AUTO_INCREMENT de la tabla `socio`
--
ALTER TABLE `socio`
  MODIFY `id` int(11) NOT NULL AUTO_INCREMENT,AUTO_INCREMENT=328;
--
-- AUTO_INCREMENT de la tabla `socio_debito`
--
ALTER TABLE `socio_debito`
  MODIFY `id` int(11) NOT NULL AUTO_INCREMENT,AUTO_INCREMENT=9;
--
-- AUTO_INCREMENT de la tabla `subcuenta`
--
ALTER TABLE `subcuenta`
  MODIFY `id` int(11) NOT NULL AUTO_INCREMENT,AUTO_INCREMENT=50;
--
-- AUTO_INCREMENT de la tabla `user`
--
ALTER TABLE `user`
  MODIFY `id` int(11) NOT NULL AUTO_INCREMENT,AUTO_INCREMENT=3;
--
-- Restricciones para tablas volcadas
--

--
-- Filtros para la tabla `user`
--
ALTER TABLE `user`
  ADD CONSTRAINT `user_rol` FOREIGN KEY (`id`) REFERENCES `rol` (`id`);

/*!40101 SET CHARACTER_SET_CLIENT=@OLD_CHARACTER_SET_CLIENT */;
/*!40101 SET CHARACTER_SET_RESULTS=@OLD_CHARACTER_SET_RESULTS */;
/*!40101 SET COLLATION_CONNECTION=@OLD_COLLATION_CONNECTION */;
